asset_id,owner_user_id,ownership,mime_type,scan_status,storage_key,size_bytes,created_at
0541bf62-6d82-5a44-afa7-b5a30b241285,,Dony,PNG,Safe,synthetic/assets/009,120009,2026-08-09T01:00:00Z
0e7b935f-1e73-57e6-9836-7daaf9f8cdb9,7cfeb498-15ec-584b-b9ce-ec4ca07c5bfa,User,PNG,Safe,synthetic/assets/024,120024,2026-08-24T01:00:00Z
207d3905-0176-52c3-b495-711ee59ad1b2,,Dony,PNG,Safe,synthetic/assets/001,120001,2026-08-01T01:00:00Z
2325a34a-5c69-500a-bb85-50baf6ba7f29,7776aa6f-8f8f-58ce-86e6-f117df4e8646,User,PNG,Safe,synthetic/assets/014,120014,2026-08-14T01:00:00Z
307df0ae-538f-5d43-96c7-d0df3cb26c9c,,Dony,PNG,Safe,synthetic/assets/007,120007,2026-08-07T01:00:00Z
35b1e8a6-48b0-5724-91ec-b9efd199f78d,337dcc98-8efc-5de8-bf38-609ae417e2c1,User,PDF,Safe,synthetic/assets/027,120027,2026-08-27T01:00:00Z
3a361c4a-a9dc-5cfe-9ed5-2d85b7ff028e,4e59134b-632b-5144-bfc8-2bf67d1c1bca,User,PNG,Safe,synthetic/assets/023,120023,2026-08-23T01:00:00Z
4174b6be-7a59-550d-a0fe-98da7513266e,,Dony,PNG,Safe,synthetic/assets/002,120002,2026-08-02T01:00:00Z
4f2860cd-5545-5c62-b279-72c71b2c6725,7cfeb498-15ec-584b-b9ce-ec4ca07c5bfa,User,PNG,Rejected,synthetic/assets/030,120030,2026-08-02T01:00:00Z
51fd7abe-ca31-5e67-b254-baf422352123,,Dony,PNG,Safe,synthetic/assets/012,120012,2026-08-12T01:00:00Z
60b9d44e-f269-5fb9-86be-405800f62565,c381a9bb-d175-5a06-be64-7d91163c76c8,User,PDF,Safe,synthetic/assets/025,120025,2026-08-25T01:00:00Z
64cce618-3ee3-5a8c-b2c2-8bbbc23b4949,4e59134b-632b-5144-bfc8-2bf67d1c1bca,User,PNG,Safe,synthetic/assets/029,10485760,2026-08-01T01:00:00Z
6e2b61a5-8f87-5200-b15e-b04ba14dc9af,7776aa6f-8f8f-58ce-86e6-f117df4e8646,User,PNG,Safe,synthetic/assets/020,120020,2026-08-20T01:00:00Z
726361b6-76e0-5a4f-b546-3c255f45cc1a,def1b0d5-e1fb-5578-9afd-e5f1df3960fa,User,PNG,Safe,synthetic/assets/028,120028,2026-08-28T01:00:00Z
7cb65af1-ab72-5164-8a6d-f519a9bfe8d7,def1b0d5-e1fb-5578-9afd-e5f1df3960fa,User,PNG,Safe,synthetic/assets/022,120022,2026-08-22T01:00:00Z
8d30c123-a80f-5fc7-a0cd-2f56a71e4643,,Dony,PNG,Safe,synthetic/assets/008,120008,2026-08-08T01:00:00Z
8f3f52b4-2b7d-58d5-971d-254bea638c92,,Dony,PNG,Safe,synthetic/assets/006,120006,2026-08-06T01:00:00Z
92112733-de9c-5ea8-b48d-690d5ae34b12,337dcc98-8efc-5de8-bf38-609ae417e2c1,User,PNG,Safe,synthetic/assets/021,120021,2026-08-21T01:00:00Z
94314e2e-1710-5d0b-ad26-61f0ac7edfee,,Dony,PNG,Safe,synthetic/assets/010,120010,2026-08-10T01:00:00Z
94a78599-b772-5b16-93d1-f53de2c75f7c,,Dony,PNG,Safe,synthetic/assets/005,120005,2026-08-05T01:00:00Z
9c071066-a824-5526-8972-e814543978df,c381a9bb-d175-5a06-be64-7d91163c76c8,User,PNG,Safe,synthetic/assets/013,120013,2026-08-13T01:00:00Z
a473c06f-c59d-59f0-a39c-0eeb3a49edd5,7776aa6f-8f8f-58ce-86e6-f117df4e8646,User,PDF,Safe,synthetic/assets/026,120026,2026-08-26T01:00:00Z
a64d7416-ba06-5ebd-86e4-8999bfdba68c,def1b0d5-e1fb-5578-9afd-e5f1df3960fa,User,PNG,Safe,synthetic/assets/016,120016,2026-08-16T01:00:00Z
b58b311c-c886-5086-b5da-ba2083b8151a,,Dony,PNG,Safe,synthetic/assets/004,120004,2026-08-04T01:00:00Z
ca22b1f9-ae04-5c04-93a9-ebdf8093e4f1,,Dony,PNG,Safe,synthetic/assets/003,120003,2026-08-03T01:00:00Z
d99b2f84-0d72-5ab7-9f8a-ee5bb34d8edc,7cfeb498-15ec-584b-b9ce-ec4ca07c5bfa,User,PNG,Safe,synthetic/assets/018,120018,2026-08-18T01:00:00Z
e778c631-5dc0-53b8-ba9e-624eaceae2a6,,Dony,PNG,Safe,synthetic/assets/011,120011,2026-08-11T01:00:00Z
f0fe9978-bd54-5168-9bef-4ba1aa0991a0,c381a9bb-d175-5a06-be64-7d91163c76c8,User,PNG,Safe,synthetic/assets/019,120019,2026-08-19T01:00:00Z
f22a21bd-7acd-5845-8eb8-15fe973ba1d0,4e59134b-632b-5144-bfc8-2bf67d1c1bca,User,PNG,Safe,synthetic/assets/017,120017,2026-08-17T01:00:00Z
fdde0c18-108f-5bac-a3a4-ee701c6594a0,337dcc98-8efc-5de8-bf38-609ae417e2c1,User,PNG,Safe,synthetic/assets/015,120015,2026-08-15T01:00:00Z
