user_id,email,full_name,password_hash,customer_capability,verified_at,active,closed_at,anonymized_at,version,created_at,updated_at
337dcc98-8efc-5de8-bf38-609ae417e2c1,demo.user07@example.invalid,Bùi Nhật Khang,synthetic-hash-07,true,2026-08-01T02:00:00Z,true,,,1,2026-07-07T01:00:00Z,2026-08-07T02:00:00Z
4e59134b-632b-5144-bfc8-2bf67d1c1bca,demo.user09@example.invalid,Hồ Nam Phương,synthetic-hash-09,true,2026-08-01T02:00:00Z,false,2026-09-20T03:00:00Z,,2,2026-07-09T01:00:00Z,2026-09-20T03:00:00Z
7776aa6f-8f8f-58ce-86e6-f117df4e8646,demo.user06@example.invalid,Đặng Thu Hà,synthetic-hash-06,true,2026-08-01T02:00:00Z,true,,,1,2026-07-06T01:00:00Z,2026-08-06T02:00:00Z
7cfeb498-15ec-584b-b9ce-ec4ca07c5bfa,demo.user04@example.invalid,Phạm Đức Duy,synthetic-hash-04,true,2026-08-01T02:00:00Z,true,,,1,2026-07-04T01:00:00Z,2026-08-04T02:00:00Z
8a406b9e-570d-56f2-b283-a17f635ac846,demo.user02@example.invalid,Trần Gia Bình,synthetic-hash-02,false,2026-08-01T02:00:00Z,true,,,1,2026-07-02T01:00:00Z,2026-08-02T02:00:00Z
9c628688-57d6-5dc5-90d7-de6e32fc8346,demo.user10@example.invalid,Tạ Quang Sơn,synthetic-hash-10,true,2026-08-01T02:00:00Z,true,,,1,2026-07-10T01:00:00Z,2026-08-10T02:00:00Z
a665a2e5-2dbb-56ec-8336-85275742d2d3,demo.user01@example.invalid,Nguyễn Minh An,synthetic-hash-01,false,2026-08-01T02:00:00Z,true,,,1,2026-07-01T01:00:00Z,2026-08-01T02:00:00Z
c381a9bb-d175-5a06-be64-7d91163c76c8,demo.user05@example.invalid,Võ Khánh Giang,synthetic-hash-05,true,2026-08-01T02:00:00Z,true,,,1,2026-07-05T01:00:00Z,2026-08-05T02:00:00Z
def1b0d5-e1fb-5578-9afd-e5f1df3960fa,demo.user08@example.invalid,Đỗ Mai Lan,synthetic-hash-08,true,2026-08-01T02:00:00Z,true,,,1,2026-07-08T01:00:00Z,2026-08-08T02:00:00Z
f2a48478-cf95-5a4c-8914-242e2187b4d7,demo.user03@example.invalid,Lê Hoài Châu,synthetic-hash-03,false,2026-08-01T02:00:00Z,true,,,1,2026-07-03T01:00:00Z,2026-08-03T02:00:00Z
