journey_intent_id,owner_user_id,product_entry_id,intent_type,parent_intent_id,created_at
12a01799-c311-5d7d-bb41-617cdb12916d,7cfeb498-15ec-584b-b9ce-ec4ca07c5bfa,03154155-bc9f-5ee9-ba17-0b38b4066cab,Order,,2026-09-12T01:30:00Z
4bdc3a1e-e1d8-56c2-a09b-524cc9e88bf3,7776aa6f-8f8f-58ce-86e6-f117df4e8646,4bbc4406-daac-5b59-a2cd-2298cc5dbb65,DesignService,,2026-09-02T01:30:00Z
550e9efb-d5e1-5349-96c9-72517581d467,def1b0d5-e1fb-5578-9afd-e5f1df3960fa,278e4f16-43f2-50be-97b0-202b3a1e3e6c,Order,,2026-09-10T01:30:00Z
6019abf9-b079-54f3-a7a9-73efb14b6f31,4e59134b-632b-5144-bfc8-2bf67d1c1bca,d5b31f57-1933-5556-a8ee-53aafdf0e92c,Order,,2026-09-11T01:30:00Z
8fed3531-d46d-5d21-9cd5-b0e3b6890e4b,4e59134b-632b-5144-bfc8-2bf67d1c1bca,03154155-bc9f-5ee9-ba17-0b38b4066cab,Order,,2026-09-05T01:30:00Z
985ef032-6c8f-57d7-abbe-50d29b0281c4,337dcc98-8efc-5de8-bf38-609ae417e2c1,4bbc4406-daac-5b59-a2cd-2298cc5dbb65,SelfDesign,,2026-09-09T01:30:00Z
bc37497b-ea9e-5ea0-b651-af1d142fabdb,c381a9bb-d175-5a06-be64-7d91163c76c8,55508bd0-b6d8-5948-b35c-cad0b8073a15,SelfDesign,,2026-09-01T01:30:00Z
c0115d75-585a-5cdb-b06e-a1f76825b6df,337dcc98-8efc-5de8-bf38-609ae417e2c1,278e4f16-43f2-50be-97b0-202b3a1e3e6c,Order,,2026-09-03T01:30:00Z
c6ea4bc9-3176-5623-af0b-925abd6b804d,c381a9bb-d175-5a06-be64-7d91163c76c8,80cffb51-9a55-5647-83d9-140a5e3e3419,Order,,2026-09-07T01:30:00Z
cc61543c-70b9-5ce4-9010-7f0f1b331e9d,def1b0d5-e1fb-5578-9afd-e5f1df3960fa,d5b31f57-1933-5556-a8ee-53aafdf0e92c,SelfDesign,c0115d75-585a-5cdb-b06e-a1f76825b6df,2026-09-04T01:30:00Z
d0de7659-b99e-5def-9953-c13acaa869a9,7776aa6f-8f8f-58ce-86e6-f117df4e8646,55508bd0-b6d8-5948-b35c-cad0b8073a15,Order,c6ea4bc9-3176-5623-af0b-925abd6b804d,2026-09-08T01:30:00Z
e159bb84-64b1-5333-b278-c93d39a3b095,7cfeb498-15ec-584b-b9ce-ec4ca07c5bfa,610ffc46-5515-5307-885b-49134e516381,DesignService,,2026-09-06T01:30:00Z
