print_area_id,product_version_id,size_label,side,width_mm,height_mm,origin_x_mm,origin_y_mm
01af3f97-e9c0-5dc4-a93d-ef85d3c8f786,a6112bdf-4736-5cad-b741-0b1d9e731dd4,M,Back,300.0,400.0,0.0,0.0
059b8860-8d57-548d-8d91-34f69757cdb2,a5cbec99-25ab-5937-80f0-3046727cd765,L,Back,300.0,400.0,0.0,0.0
0a320844-ef11-56cb-81a7-456413e50c23,3f0b17ce-d4a3-5b42-bca3-eb504eaa9457,L,Front,300.0,400.0,0.0,0.0
11181b66-f1f8-5872-b383-496fed170cf1,43f4d619-a3f7-593c-b4a6-44ab4449e96a,XL,Back,300.0,400.0,0.0,0.0
157f8a0f-c8c0-571f-baaa-f8b51bd63ea2,43f4d619-a3f7-593c-b4a6-44ab4449e96a,M,Front,300.0,400.0,0.0,0.0
1d9d150e-4661-5284-9fe8-b58f221bf16c,426800db-f7c2-565b-ac46-4e69916cfdea,L,Front,300.0,400.0,0.0,0.0
1f5042ee-9a58-5844-986d-720051ea3d75,e76dfcaf-a753-5422-85e4-b542208bb11f,L,Front,300.0,400.0,0.0,0.0
2ba1ace0-0c66-5c7d-b9d9-437e45c15fb1,a5cbec99-25ab-5937-80f0-3046727cd765,S,Front,300.0,400.0,0.0,0.0
2c2f4876-5ada-571d-bf1a-4a63433e102d,a6112bdf-4736-5cad-b741-0b1d9e731dd4,L,Back,300.0,400.0,0.0,0.0
308e16b6-4689-5162-9d05-ddee217ff9ed,a5cbec99-25ab-5937-80f0-3046727cd765,XL,Back,300.0,400.0,0.0,0.0
30b8e0d4-4b32-52bc-a06d-9e5db3b6d939,43f4d619-a3f7-593c-b4a6-44ab4449e96a,L,Back,300.0,400.0,0.0,0.0
31c11961-7f39-523b-9751-2c663ede6a6f,426800db-f7c2-565b-ac46-4e69916cfdea,XL,Back,300.0,400.0,0.0,0.0
3c484ebf-c985-57de-9dd9-caf99ba8752e,e76dfcaf-a753-5422-85e4-b542208bb11f,S,Front,300.0,400.0,0.0,0.0
3f70cac4-1f4b-5a7b-ba5e-b8464a61704c,3f0b17ce-d4a3-5b42-bca3-eb504eaa9457,L,Back,300.0,400.0,0.0,0.0
475d98d7-2c4b-536e-aa43-a7c0b1ea1950,426800db-f7c2-565b-ac46-4e69916cfdea,M,Front,300.0,400.0,0.0,0.0
552ec092-0a06-5163-b54b-5b61808cfaab,3f0b17ce-d4a3-5b42-bca3-eb504eaa9457,S,Back,300.0,400.0,0.0,0.0
56935832-6d30-501c-a6b6-1e5b8c74784b,426800db-f7c2-565b-ac46-4e69916cfdea,S,Front,300.0,400.0,0.0,0.0
56b874b1-3833-5283-8c91-1602a065330b,43f4d619-a3f7-593c-b4a6-44ab4449e96a,L,Front,300.0,400.0,0.0,0.0
5db3858b-c103-5f88-86b7-b7386c3c31cb,a6112bdf-4736-5cad-b741-0b1d9e731dd4,XL,Front,300.0,400.0,0.0,0.0
5f8920fa-1d51-5180-9a31-f8c64f6da73e,a5cbec99-25ab-5937-80f0-3046727cd765,S,Back,300.0,400.0,0.0,0.0
6a6a60fb-49c5-5912-b3b5-8c91aa72e9bb,43f4d619-a3f7-593c-b4a6-44ab4449e96a,S,Front,300.0,400.0,0.0,0.0
7356b609-924c-54f1-9ec4-90135fa3c6d9,3f0b17ce-d4a3-5b42-bca3-eb504eaa9457,XL,Front,300.0,400.0,0.0,0.0
749d66a8-fcfa-55bf-858e-9cfe2b0a319a,426800db-f7c2-565b-ac46-4e69916cfdea,S,Back,300.0,400.0,0.0,0.0
843e1521-0dd5-531f-9b7c-eabb9f2aa9b7,e76dfcaf-a753-5422-85e4-b542208bb11f,XL,Back,300.0,400.0,0.0,0.0
9a67542d-ee94-5867-8ec2-19da02888a29,e76dfcaf-a753-5422-85e4-b542208bb11f,S,Back,300.0,400.0,0.0,0.0
9b09fc12-4298-57b6-9805-38c0df382ebf,a6112bdf-4736-5cad-b741-0b1d9e731dd4,M,Front,300.0,400.0,0.0,0.0
9f2b9e23-c579-5038-8efa-2e7d5502a454,a5cbec99-25ab-5937-80f0-3046727cd765,M,Back,300.0,400.0,0.0,0.0
a06f26cc-24d2-530c-9829-fd72cc6b76c3,a6112bdf-4736-5cad-b741-0b1d9e731dd4,S,Back,300.0,400.0,0.0,0.0
a4389d2c-4207-51fd-937d-c1dae2956568,e76dfcaf-a753-5422-85e4-b542208bb11f,M,Back,300.0,400.0,0.0,0.0
af2736ad-79e3-5853-8bbb-7c32bd9c858c,3f0b17ce-d4a3-5b42-bca3-eb504eaa9457,M,Back,300.0,400.0,0.0,0.0
b0cb6252-e289-5514-ad07-e64d4608d01f,43f4d619-a3f7-593c-b4a6-44ab4449e96a,M,Back,300.0,400.0,0.0,0.0
b73e4d70-2c9f-54d3-be04-8410f55bb7f6,43f4d619-a3f7-593c-b4a6-44ab4449e96a,S,Back,300.0,400.0,0.0,0.0
b774277c-4f5f-55a9-9329-8e7fcdb426cf,3f0b17ce-d4a3-5b42-bca3-eb504eaa9457,XL,Back,300.0,400.0,0.0,0.0
bb525fb8-a49d-5486-9694-719505b2de07,3f0b17ce-d4a3-5b42-bca3-eb504eaa9457,S,Front,300.0,400.0,0.0,0.0
bb9327a6-9889-5cfa-bb1e-6de3c1eb69dc,a5cbec99-25ab-5937-80f0-3046727cd765,L,Front,300.0,400.0,0.0,0.0
c53fed58-f322-5895-acdd-69a59c6cc7b7,a6112bdf-4736-5cad-b741-0b1d9e731dd4,S,Front,300.0,400.0,0.0,0.0
c891bcf3-0bed-5457-9052-da7cdc323d68,e76dfcaf-a753-5422-85e4-b542208bb11f,M,Front,300.0,400.0,0.0,0.0
cfa6a700-7f69-51fd-8579-e8a9a65eafe2,3f0b17ce-d4a3-5b42-bca3-eb504eaa9457,M,Front,300.0,400.0,0.0,0.0
db0bc519-2070-56bc-9a61-87be426d8f94,426800db-f7c2-565b-ac46-4e69916cfdea,L,Back,300.0,400.0,0.0,0.0
dbe799c8-a504-58f1-a8d0-2edc59d6a6de,a5cbec99-25ab-5937-80f0-3046727cd765,M,Front,300.0,400.0,0.0,0.0
e5bee8e9-7960-52b4-baaa-99eacf4dffef,a6112bdf-4736-5cad-b741-0b1d9e731dd4,XL,Back,300.0,400.0,0.0,0.0
e610a84b-3116-5987-9141-285c62ebb1e4,e76dfcaf-a753-5422-85e4-b542208bb11f,XL,Front,300.0,400.0,0.0,0.0
e755009f-c8c8-5769-bfc1-8c134c295d9e,426800db-f7c2-565b-ac46-4e69916cfdea,M,Back,300.0,400.0,0.0,0.0
eeb0f3fd-fde9-565d-9ed8-eb08caf0e569,a5cbec99-25ab-5937-80f0-3046727cd765,XL,Front,300.0,400.0,0.0,0.0
ef6521ec-d2cb-5576-844d-b3948071db17,a6112bdf-4736-5cad-b741-0b1d9e731dd4,L,Front,300.0,400.0,0.0,0.0
f1573685-7e78-5dfb-8ba3-f2110163a25a,e76dfcaf-a753-5422-85e4-b542208bb11f,L,Back,300.0,400.0,0.0,0.0
f5b8a508-5945-5248-9226-b9dddc2692a6,426800db-f7c2-565b-ac46-4e69916cfdea,XL,Front,300.0,400.0,0.0,0.0
f7ac7d06-d42f-56b1-8ba4-5278eef5b806,43f4d619-a3f7-593c-b4a6-44ab4449e96a,XL,Front,300.0,400.0,0.0,0.0
