product_color_id,product_version_id,color_label,display_order
0b4f0a67-d348-5441-b83f-6528aa06d750,426800db-f7c2-565b-ac46-4e69916cfdea,Navy,2
0e62bcb5-0175-5849-88dd-6421ddbda4cb,a5cbec99-25ab-5937-80f0-3046727cd765,Black,3
13393dd9-2534-5899-b789-4e745fd1e451,e76dfcaf-a753-5422-85e4-b542208bb11f,White,1
1ba23745-1df0-5113-8998-e83f42777425,a6112bdf-4736-5cad-b741-0b1d9e731dd4,Black,3
21967538-f4fa-5b60-9640-e974d4cf1469,a6112bdf-4736-5cad-b741-0b1d9e731dd4,White,1
21d6e072-e091-521b-8d06-2537ddd6d92e,a5cbec99-25ab-5937-80f0-3046727cd765,Navy,2
4b6dd70f-84e7-5224-9921-5dc2d843df7f,43f4d619-a3f7-593c-b4a6-44ab4449e96a,Black,3
4ddb8c2f-52e7-5c81-b47a-8a7eb2526ad8,e76dfcaf-a753-5422-85e4-b542208bb11f,Black,3
6b86b5d4-6cce-5ec9-a1ab-ec34e135ca5d,3f0b17ce-d4a3-5b42-bca3-eb504eaa9457,Black,3
875d7884-61ed-5cb3-a755-4759b19f2f40,a5cbec99-25ab-5937-80f0-3046727cd765,White,1
8cc2e0a0-68a6-5b25-80d5-12569567c2da,3f0b17ce-d4a3-5b42-bca3-eb504eaa9457,Navy,2
af0e67be-544a-5800-868d-868966c8f64e,e76dfcaf-a753-5422-85e4-b542208bb11f,Navy,2
b3c42fca-9c2d-53c7-91a8-bce9ed3a183f,3f0b17ce-d4a3-5b42-bca3-eb504eaa9457,White,1
c129ca0e-3dd1-56f0-ae1d-058170fcf075,a6112bdf-4736-5cad-b741-0b1d9e731dd4,Navy,2
cf0d1710-7ad8-5f9b-b6f8-cf4785d9b54f,43f4d619-a3f7-593c-b4a6-44ab4449e96a,Navy,2
dbb03dff-af7f-5640-aa4e-c0c9a3615243,426800db-f7c2-565b-ac46-4e69916cfdea,White,1
e46ecd88-e026-5234-be60-72711767ed29,43f4d619-a3f7-593c-b4a6-44ab4449e96a,White,1
e87b21a4-0cee-5451-827c-6c94ed854194,426800db-f7c2-565b-ac46-4e69916cfdea,Black,3
