product_image_id,product_version_id,asset_id,display_order
270908c4-023d-58da-b047-6dfd3ccbfbef,a6112bdf-4736-5cad-b741-0b1d9e731dd4,0541bf62-6d82-5a44-afa7-b5a30b241285,1
3134a4a2-4003-5e4f-81cd-0bac2512b1f2,a5cbec99-25ab-5937-80f0-3046727cd765,4174b6be-7a59-550d-a0fe-98da7513266e,2
46ce0c19-4d41-517e-9e4f-48bf4b38815a,43f4d619-a3f7-593c-b4a6-44ab4449e96a,94a78599-b772-5b16-93d1-f53de2c75f7c,1
7c8060c6-80f4-5523-a4a7-a4853152403a,426800db-f7c2-565b-ac46-4e69916cfdea,307df0ae-538f-5d43-96c7-d0df3cb26c9c,1
903ae3e1-cf64-5370-bd64-087ee42c55e4,3f0b17ce-d4a3-5b42-bca3-eb504eaa9457,e778c631-5dc0-53b8-ba9e-624eaceae2a6,1
90660f5c-6b57-5b35-ac8d-cd2af414348f,a6112bdf-4736-5cad-b741-0b1d9e731dd4,94314e2e-1710-5d0b-ad26-61f0ac7edfee,2
95134e64-2d41-58cb-84fa-754599c846e0,426800db-f7c2-565b-ac46-4e69916cfdea,8d30c123-a80f-5fc7-a0cd-2f56a71e4643,2
95b269e5-d267-5dfa-9a6a-4bd0979d2a3d,e76dfcaf-a753-5422-85e4-b542208bb11f,ca22b1f9-ae04-5c04-93a9-ebdf8093e4f1,1
a9baa994-1f15-5dd2-97da-283456c8ab91,43f4d619-a3f7-593c-b4a6-44ab4449e96a,8f3f52b4-2b7d-58d5-971d-254bea638c92,2
b7117368-a9ec-5d74-8c5c-ac7168459684,3f0b17ce-d4a3-5b42-bca3-eb504eaa9457,51fd7abe-ca31-5e67-b254-baf422352123,2
c6e2d23c-c1f2-559d-9c23-f2959a513ec0,a5cbec99-25ab-5937-80f0-3046727cd765,207d3905-0176-52c3-b495-711ee59ad1b2,1
f95dd6f8-6151-5bdc-a305-270f4a68a41e,e76dfcaf-a753-5422-85e4-b542208bb11f,b58b311c-c886-5086-b5da-ba2083b8151a,2
