product_material_id,product_version_id,material_profile_id,material_label_snapshot,option_surcharge_vnd
17ac9436-2c5d-5da0-80af-5b08c101b288,426800db-f7c2-565b-ac46-4e69916cfdea,1860d293-6ec1-5403-9eb1-06bbde43d296,65/35 cotton-polyester,20000
197a4ef5-9a29-5984-aeff-a8eb6ba39614,e76dfcaf-a753-5422-85e4-b542208bb11f,1860d293-6ec1-5403-9eb1-06bbde43d296,65/35 cotton-polyester,20000
1c0d1450-ef22-51ff-bdb3-7b32cf2b6ef1,a6112bdf-4736-5cad-b741-0b1d9e731dd4,1c486a19-06bb-51ac-965b-a9486cd473c3,Vải kaki bảo hộ,40000
1e12f619-c577-5c3b-a477-61c31c9c8abd,426800db-f7c2-565b-ac46-4e69916cfdea,ce487a14-5588-5be2-8000-3e50237a57ac,100% cotton,0
2bc8a177-8a67-5cbd-bb15-f00297646d69,a6112bdf-4736-5cad-b741-0b1d9e731dd4,39986368-dd9f-5aa3-93e8-6b6c154ff5ef,Vải phản quang,50000
333732af-b35e-527f-89b5-938831c3f302,e76dfcaf-a753-5422-85e4-b542208bb11f,ce487a14-5588-5be2-8000-3e50237a57ac,100% cotton,0
3b3ce9b3-c3aa-51ef-bfab-28de5195e2b9,43f4d619-a3f7-593c-b4a6-44ab4449e96a,ce487a14-5588-5be2-8000-3e50237a57ac,100% cotton,0
5992c8a8-cf36-5926-8dea-b81c86c2e19b,3f0b17ce-d4a3-5b42-bca3-eb504eaa9457,39986368-dd9f-5aa3-93e8-6b6c154ff5ef,Vải phản quang,50000
74b6b4f9-632a-5f22-bbb5-45ea2005a0b0,43f4d619-a3f7-593c-b4a6-44ab4449e96a,1860d293-6ec1-5403-9eb1-06bbde43d296,65/35 cotton-polyester,20000
93a0d19f-2906-5569-addf-b0342982d8b7,a5cbec99-25ab-5937-80f0-3046727cd765,1860d293-6ec1-5403-9eb1-06bbde43d296,65/35 cotton-polyester,20000
b6d5c50b-c46f-537f-81fe-3786e2f08a34,a5cbec99-25ab-5937-80f0-3046727cd765,ce487a14-5588-5be2-8000-3e50237a57ac,100% cotton,0
fbc86925-e68e-562e-b826-cddb9363f9c0,3f0b17ce-d4a3-5b42-bca3-eb504eaa9457,1c486a19-06bb-51ac-965b-a9486cd473c3,Vải kaki bảo hộ,40000
