product_option_id,product_version_id,option_type,option_value,print_method_id,option_surcharge_vnd
03b0dce3-a099-5960-9a81-0c3e125f4cad,a5cbec99-25ab-5937-80f0-3046727cd765,PrintSide,Back,30c3345c-9e09-5b81-9168-45ea7c627aab,25000
293bc094-aa6c-5851-b9bc-52809d5e6598,a6112bdf-4736-5cad-b741-0b1d9e731dd4,PrintSide,Back,30c3345c-9e09-5b81-9168-45ea7c627aab,25000
7c091ae6-3534-5fd0-b10b-431208f464c0,3f0b17ce-d4a3-5b42-bca3-eb504eaa9457,PrintSide,Front,30c3345c-9e09-5b81-9168-45ea7c627aab,15000
91d5caa5-435c-5201-a7ae-63b5c2df3fd9,43f4d619-a3f7-593c-b4a6-44ab4449e96a,PrintSide,Front,30c3345c-9e09-5b81-9168-45ea7c627aab,15000
a12da776-ef9f-5405-8b16-db6d0b9a3ee9,a5cbec99-25ab-5937-80f0-3046727cd765,PrintSide,Front,30c3345c-9e09-5b81-9168-45ea7c627aab,15000
b19c7f1b-cae5-573a-b297-94d03a7e39c5,a6112bdf-4736-5cad-b741-0b1d9e731dd4,PrintSide,Front,30c3345c-9e09-5b81-9168-45ea7c627aab,15000
b5a15d59-75c8-5686-b1f7-61594e513480,3f0b17ce-d4a3-5b42-bca3-eb504eaa9457,PrintSide,Back,30c3345c-9e09-5b81-9168-45ea7c627aab,25000
df077ba5-e8b0-5665-9ec1-299f18b79d9c,e76dfcaf-a753-5422-85e4-b542208bb11f,PrintSide,Back,30c3345c-9e09-5b81-9168-45ea7c627aab,25000
e413434b-9ed6-56c5-9af5-c4d113d12ce4,426800db-f7c2-565b-ac46-4e69916cfdea,PrintSide,Back,30c3345c-9e09-5b81-9168-45ea7c627aab,25000
e59f2407-3998-5fd0-b3e8-6c6cc078ab81,426800db-f7c2-565b-ac46-4e69916cfdea,PrintSide,Front,30c3345c-9e09-5b81-9168-45ea7c627aab,15000
e5a73d79-c655-5c05-b0e7-b73466dbe1a8,e76dfcaf-a753-5422-85e4-b542208bb11f,PrintSide,Front,30c3345c-9e09-5b81-9168-45ea7c627aab,15000
ee204d33-9a82-5188-a5f8-cff8a6e4c826,43f4d619-a3f7-593c-b4a6-44ab4449e96a,PrintSide,Back,30c3345c-9e09-5b81-9168-45ea7c627aab,25000
