contract_id,order_id,contract_template_id,buyer_type,buyer_legal_name,buyer_tax_id,billing_address,approved_design_version_id,approved_sample_id,contract_total_vnd,deposit_percent,deposit_due_vnd,balance_due_vnd,balance_due_rule,payment_policy_version,version,template_version,content_hash,pdf_asset_id,status,ready_at,signed_at,voided_at
23ef9905-880f-58e1-ad8e-6779acc390c3,1e407f7c-8ff0-56cc-a4bd-30af380a010d,d6328bc6-eda4-5e48-b5e7-c61258f87b53,BusinessBuyer,Doanh nghiệp mẫu 05,SYNTH-0005,"Địa chỉ thanh toán giả lập 5, TP.HCM",cfc5b5c5-0ac9-578e-99a3-a72156ea65d8,8db689ea-9a55-54bc-9831-7fb0ca94d4e2,2680000,50,1340000,1340000,7 calendar days after recorded receipt,MFG06-BR014-v1,1,1,synthetic-contract-hash-5,60b9d44e-f269-5fb9-86be-405800f62565,Ready,2026-09-25T02:00:00Z,,
37313421-0467-5ebc-ab1f-7f8f91414a4f,162a8830-08dc-5901-8fe9-af9e5a14f89a,d6328bc6-eda4-5e48-b5e7-c61258f87b53,BusinessBuyer,Doanh nghiệp mẫu 11,SYNTH-0011,"Địa chỉ thanh toán giả lập 11, TP.HCM",de19844a-3ebd-5f96-9ab8-5cb16d8e1301,f453b8f1-33ed-5eb6-960f-0e29ef1c7db9,2680000,50,1340000,1340000,7 calendar days after recorded receipt,MFG06-BR014-v1,1,1,synthetic-contract-hash-11,60b9d44e-f269-5fb9-86be-405800f62565,Signed,2026-09-25T02:00:00Z,2026-09-26T02:00:00Z,
40a56b35-145c-52be-9ba8-bbeb6952e8f4,b598cd1d-5386-50e7-9371-c627e0bf724e,d6328bc6-eda4-5e48-b5e7-c61258f87b53,ResellerShop,Doanh nghiệp mẫu 06,SYNTH-0006,"Địa chỉ thanh toán giả lập 6, TP.HCM",f4d634e4-b3da-508a-96fb-48380de3d781,6824edb8-d5f4-594f-b369-77d74b47873b,2930000,50,1465000,1465000,7 calendar days after recorded receipt,MFG06-BR014-v1,1,1,synthetic-contract-hash-6,a473c06f-c59d-59f0-a39c-0eeb3a49edd5,Signed,2026-09-25T02:00:00Z,2026-09-26T02:00:00Z,
777ac7b0-8c8a-5b39-831f-9e7aacbb95d7,88e2baff-7a4c-5ec9-9d5c-e53056633c9b,d6328bc6-eda4-5e48-b5e7-c61258f87b53,BusinessBuyer,Doanh nghiệp mẫu 07,SYNTH-0007,"Địa chỉ thanh toán giả lập 7, TP.HCM",9734f656-5624-5528-8945-205bce087516,55060991-3274-55ce-a2cf-466beaa6b027,1680000,50,840000,840000,7 calendar days after recorded receipt,MFG06-BR014-v1,1,1,synthetic-contract-hash-7,35b1e8a6-48b0-5724-91ec-b9efd199f78d,Signed,2026-09-25T02:00:00Z,2026-09-26T02:00:00Z,
d93bfbdb-e804-58dd-a2b5-7d02c31d8650,1e407f7c-8ff0-56cc-a4bd-30af380a010d,d6328bc6-eda4-5e48-b5e7-c61258f87b53,BusinessBuyer,Doanh nghiệp mẫu 05,SYNTH-0005,"Địa chỉ thanh toán giả lập 5, TP.HCM",cfc5b5c5-0ac9-578e-99a3-a72156ea65d8,8db689ea-9a55-54bc-9831-7fb0ca94d4e2,2680000,50,1340000,1340000,7 calendar days after recorded receipt,MFG06-BR014-v1,1,1,synthetic-extra-contract-hash-1,,Draft,,,
dd0fa3f8-94d8-5c39-b79f-f8a185ad2193,b598cd1d-5386-50e7-9371-c627e0bf724e,d6328bc6-eda4-5e48-b5e7-c61258f87b53,ResellerShop,Doanh nghiệp mẫu 06,SYNTH-0006,"Địa chỉ thanh toán giả lập 6, TP.HCM",f4d634e4-b3da-508a-96fb-48380de3d781,8db689ea-9a55-54bc-9831-7fb0ca94d4e2,2930000,50,1465000,1465000,7 calendar days after recorded receipt,MFG06-BR014-v1,2,1,synthetic-extra-contract-hash-2,a473c06f-c59d-59f0-a39c-0eeb3a49edd5,Superseded,2026-09-24T02:00:00Z,,
ecc0605d-d356-53d1-956b-c29cfccb52ea,6e3f3ee5-c944-51f3-9988-bdfbb7499672,d6328bc6-eda4-5e48-b5e7-c61258f87b53,ResellerShop,Doanh nghiệp mẫu 12,SYNTH-0012,"Địa chỉ thanh toán giả lập 12, TP.HCM",cfc5b5c5-0ac9-578e-99a3-a72156ea65d8,,2930000,50,1465000,1465000,7 calendar days after recorded receipt,MFG06-BR014-v1,3,1,synthetic-extra-contract-hash-3,35b1e8a6-48b0-5724-91ec-b9efd199f78d,Voided,2026-09-24T02:00:00Z,,2026-09-27T02:00:00Z
ed4f1d10-398c-5c70-93e0-65678cb4a6db,00e8abe4-d3c6-55b1-a7e3-e55079ff17af,d6328bc6-eda4-5e48-b5e7-c61258f87b53,ResellerShop,Doanh nghiệp mẫu 08,SYNTH-0008,"Địa chỉ thanh toán giả lập 8, TP.HCM",aa86f1c5-21db-56b6-903b-85a00f16e431,47bcaa69-a474-5c71-9e5c-5e55a854ebc8,1930000,50,965000,965000,7 calendar days after recorded receipt,MFG06-BR014-v1,1,1,synthetic-contract-hash-8,60b9d44e-f269-5fb9-86be-405800f62565,Signed,2026-09-25T02:00:00Z,2026-09-26T02:00:00Z,
f894660a-05ce-5094-b971-d1dee185dfdf,6b373bb0-3256-5488-b014-77010093d620,d6328bc6-eda4-5e48-b5e7-c61258f87b53,BusinessBuyer,Doanh nghiệp mẫu 09,SYNTH-0009,"Địa chỉ thanh toán giả lập 9, TP.HCM",dfd2600e-21e1-557c-a8dc-c1ca1b48d5cc,8b72e3d2-c211-5e05-b0dd-079bbf12eaf9,2180000,50,1090000,1090000,7 calendar days after recorded receipt,MFG06-BR014-v1,1,1,synthetic-contract-hash-9,a473c06f-c59d-59f0-a39c-0eeb3a49edd5,Signed,2026-09-25T02:00:00Z,2026-09-26T02:00:00Z,
fe21b890-55fa-5b06-9bc9-d804fa049090,7ac7ec09-aa06-55a2-9a84-82aaf2ea0aad,d6328bc6-eda4-5e48-b5e7-c61258f87b53,ResellerShop,Doanh nghiệp mẫu 10,SYNTH-0010,"Địa chỉ thanh toán giả lập 10, TP.HCM",6f032fe3-c433-5c99-a779-acd81fe5597d,82850e67-decb-54d0-9c83-5d167071007a,2430000,50,1215000,1215000,7 calendar days after recorded receipt,MFG06-BR014-v1,1,1,synthetic-contract-hash-10,35b1e8a6-48b0-5724-91ec-b9efd199f78d,Signed,2026-09-25T02:00:00Z,2026-09-26T02:00:00Z,
