design_request_asset_id,design_request_id,asset_id,display_order
07c52c56-0660-5f9a-8e2c-62a020211940,98e6161b-204b-515b-949d-80d8d1588633,a64d7416-ba06-5ebd-86e4-8999bfdba68c,1
0d6d6ad8-3a68-5902-90d3-b32994f1ca9f,172de2e8-8be9-53e4-a2c9-f1370a8e0064,f22a21bd-7acd-5845-8eb8-15fe973ba1d0,1
1b7fa360-d8f6-516f-b608-05b8355aa1ea,cff7d4b0-c1a7-5ff5-8666-45030f4a003f,fdde0c18-108f-5bac-a3a4-ee701c6594a0,1
528f3b58-f049-54ab-b89a-cfab0cc594c9,738ea704-a605-5271-a203-ff9287741d91,6e2b61a5-8f87-5200-b15e-b04ba14dc9af,1
6e14e250-0ba8-5d47-aaa5-e026f02de4bd,fee2ee3f-cd5f-5276-bee6-2d3d8c2d2f15,92112733-de9c-5ea8-b48d-690d5ae34b12,1
7131ffbf-b3ea-585c-8b52-04f0a9d68c09,290da324-4474-5b9e-93d2-b33f66cf636b,f0fe9978-bd54-5168-9bef-4ba1aa0991a0,1
a03be5d7-52f2-54b7-ac1b-e2ecc24ba70c,9abeac49-6d9a-5460-8ffd-1e6f853d106e,d99b2f84-0d72-5ab7-9f8a-ee5bb34d8edc,1
a15b2be4-3a17-569e-b993-ccc27f681bf6,9ddf6ad1-4327-58ad-98ea-87305bb9f26b,2325a34a-5c69-500a-bb85-50baf6ba7f29,1
f3c2a789-07ab-5817-b24b-7c9351b41626,7ba5633e-293e-5168-8da7-4a84ba9f8d95,9c071066-a824-5526-8972-e814543978df,1
