quote_id,customer_id,journey_intent_id,buyer_type,buyer_legal_name,buyer_tax_id,billing_address,product_version_id,design_version_id,recipient_name,phone,address_line,ward,province,country,merchandise_subtotal_vnd,merge_discount_vnd,shipping_vnd,tax_vnd,design_fee_vnd,total_vnd,deposit_preview_vnd,merge_opt_in,policy_version,expires_at,version,created_at
39f19a47-1f41-5b4e-881f-7d998497a268,7cfeb498-15ec-584b-b9ce-ec4ca07c5bfa,12a01799-c311-5d7d-bb41-617cdb12916d,ResellerShop,Doanh nghiệp mẫu 12,SYNTH-0012,"Địa chỉ thanh toán giả lập 12, TP.HCM",3f0b17ce-d4a3-5b42-bca3-eb504eaa9457,cfc5b5c5-0ac9-578e-99a3-a72156ea65d8,Đặng Thu Hà,0900000012,"Số 12, đường Mẫu",Phường Giả Lập,TP.HCM,VN,2900000,0,30000,0,0,2930000,1465000,false,,2026-09-28T04:30:00Z,1,2026-09-28T04:00:00Z
3c6b871b-3a4a-58a0-b602-66f57ce5905b,c381a9bb-d175-5a06-be64-7d91163c76c8,bc37497b-ea9e-5ea0-b651-af1d142fabdb,BusinessBuyer,Doanh nghiệp mẫu 01,SYNTH-0001,"Địa chỉ thanh toán giả lập 1, TP.HCM",a5cbec99-25ab-5937-80f0-3046727cd765,aa86f1c5-21db-56b6-903b-85a00f16e431,Võ Khánh Giang,0900000001,"Số 1, đường Mẫu",Phường Giả Lập,TP.HCM,VN,1650000,0,30000,0,0,1680000,840000,false,,2026-09-28T04:30:00Z,1,2026-09-28T04:00:00Z
418f2b2f-4a27-5649-8587-7b765f8d716c,def1b0d5-e1fb-5578-9afd-e5f1df3960fa,550e9efb-d5e1-5349-96c9-72517581d467,ResellerShop,Doanh nghiệp mẫu 10,SYNTH-0010,"Địa chỉ thanh toán giả lập 10, TP.HCM",426800db-f7c2-565b-ac46-4e69916cfdea,6f032fe3-c433-5c99-a779-acd81fe5597d,Phạm Đức Duy,0900000010,"Số 10, đường Mẫu",Phường Giả Lập,TP.HCM,VN,2400000,0,30000,0,0,2430000,1215000,false,,2026-09-28T04:30:00Z,1,2026-09-28T04:00:00Z
57a7618c-e870-5951-9445-735228c79ebe,7776aa6f-8f8f-58ce-86e6-f117df4e8646,4bdc3a1e-e1d8-56c2-a09b-524cc9e88bf3,ResellerShop,Doanh nghiệp mẫu 02,SYNTH-0002,"Địa chỉ thanh toán giả lập 2, TP.HCM",e76dfcaf-a753-5422-85e4-b542208bb11f,dfd2600e-21e1-557c-a8dc-c1ca1b48d5cc,Đặng Thu Hà,0900000002,"Số 2, đường Mẫu",Phường Giả Lập,TP.HCM,VN,1900000,0,30000,0,0,1930000,965000,false,,2026-09-28T04:30:00Z,1,2026-09-28T04:00:00Z
72c8742a-c99b-57b3-92fd-a80fbc5c08ee,7cfeb498-15ec-584b-b9ce-ec4ca07c5bfa,e159bb84-64b1-5333-b278-c93d39a3b095,ResellerShop,Doanh nghiệp mẫu 06,SYNTH-0006,"Địa chỉ thanh toán giả lập 6, TP.HCM",3f0b17ce-d4a3-5b42-bca3-eb504eaa9457,f4d634e4-b3da-508a-96fb-48380de3d781,Tạ Quang Sơn,0900000006,"Số 6, đường Mẫu",Phường Giả Lập,TP.HCM,VN,2900000,0,30000,0,0,2930000,1465000,false,,2026-09-28T04:30:00Z,1,2026-09-28T04:00:00Z
8eba2cc7-3e80-5ba5-b6ba-2bf0a5e0f3c0,337dcc98-8efc-5de8-bf38-609ae417e2c1,c0115d75-585a-5cdb-b06e-a1f76825b6df,BusinessBuyer,Doanh nghiệp mẫu 03,SYNTH-0003,"Địa chỉ thanh toán giả lập 3, TP.HCM",43f4d619-a3f7-593c-b4a6-44ab4449e96a,6f032fe3-c433-5c99-a779-acd81fe5597d,Bùi Nhật Khang,0900000003,"Số 3, đường Mẫu",Phường Giả Lập,TP.HCM,VN,2150000,0,30000,0,200000,2380000,1190000,false,,2026-09-28T04:30:00Z,1,2026-09-28T04:00:00Z
91c5d45c-b7f2-5500-9575-a61d3ec8cfe2,c381a9bb-d175-5a06-be64-7d91163c76c8,c6ea4bc9-3176-5623-af0b-925abd6b804d,BusinessBuyer,Doanh nghiệp mẫu 07,SYNTH-0007,"Địa chỉ thanh toán giả lập 7, TP.HCM",a5cbec99-25ab-5937-80f0-3046727cd765,9734f656-5624-5528-8945-205bce087516,Nguyễn Minh An,0900000007,"Số 7, đường Mẫu",Phường Giả Lập,TP.HCM,VN,1650000,0,30000,0,0,1680000,840000,false,,2026-09-28T04:30:00Z,1,2026-09-28T04:00:00Z
972aa73c-0509-5c12-bc84-eab4216762ac,7776aa6f-8f8f-58ce-86e6-f117df4e8646,d0de7659-b99e-5def-9953-c13acaa869a9,ResellerShop,Doanh nghiệp mẫu 08,SYNTH-0008,"Địa chỉ thanh toán giả lập 8, TP.HCM",e76dfcaf-a753-5422-85e4-b542208bb11f,aa86f1c5-21db-56b6-903b-85a00f16e431,Trần Gia Bình,0900000008,"Số 8, đường Mẫu",Phường Giả Lập,TP.HCM,VN,1900000,0,30000,0,0,1930000,965000,false,,2026-09-28T04:30:00Z,1,2026-09-28T04:00:00Z
973626d6-d1a3-5c08-b1c4-38e4d7b67275,def1b0d5-e1fb-5578-9afd-e5f1df3960fa,cc61543c-70b9-5ce4-9010-7f0f1b331e9d,ResellerShop,Doanh nghiệp mẫu 04,SYNTH-0004,"Địa chỉ thanh toán giả lập 4, TP.HCM",426800db-f7c2-565b-ac46-4e69916cfdea,de19844a-3ebd-5f96-9ab8-5cb16d8e1301,Đỗ Mai Lan,0900000004,"Số 4, đường Mẫu",Phường Giả Lập,TP.HCM,VN,2400000,0,30000,0,0,2430000,1215000,false,,2026-09-28T04:30:00Z,1,2026-09-28T04:00:00Z
9af4cdaa-da21-54cc-8594-a4f60a8fe2e6,4e59134b-632b-5144-bfc8-2bf67d1c1bca,6019abf9-b079-54f3-a7a9-73efb14b6f31,BusinessBuyer,Doanh nghiệp mẫu 11,SYNTH-0011,"Địa chỉ thanh toán giả lập 11, TP.HCM",a6112bdf-4736-5cad-b741-0b1d9e731dd4,de19844a-3ebd-5f96-9ab8-5cb16d8e1301,Võ Khánh Giang,0900000011,"Số 11, đường Mẫu",Phường Giả Lập,TP.HCM,VN,2650000,0,30000,0,0,2680000,1340000,false,,2026-09-28T04:30:00Z,1,2026-09-28T04:00:00Z
c193e295-3a97-5b6e-94dd-600c5f6a00af,4e59134b-632b-5144-bfc8-2bf67d1c1bca,8fed3531-d46d-5d21-9cd5-b0e3b6890e4b,BusinessBuyer,Doanh nghiệp mẫu 05,SYNTH-0005,"Địa chỉ thanh toán giả lập 5, TP.HCM",a6112bdf-4736-5cad-b741-0b1d9e731dd4,cfc5b5c5-0ac9-578e-99a3-a72156ea65d8,Hồ Nam Phương,0900000005,"Số 5, đường Mẫu",Phường Giả Lập,TP.HCM,VN,2650000,0,30000,0,0,2680000,1340000,false,,2026-09-28T04:30:00Z,1,2026-09-28T04:00:00Z
d2af6dc8-83b1-54cf-b1b6-c06cc6024024,337dcc98-8efc-5de8-bf38-609ae417e2c1,985ef032-6c8f-57d7-abbe-50d29b0281c4,BusinessBuyer,Doanh nghiệp mẫu 09,SYNTH-0009,"Địa chỉ thanh toán giả lập 9, TP.HCM",43f4d619-a3f7-593c-b4a6-44ab4449e96a,dfd2600e-21e1-557c-a8dc-c1ca1b48d5cc,Lê Hoài Châu,0900000009,"Số 9, đường Mẫu",Phường Giả Lập,TP.HCM,VN,2150000,0,30000,0,0,2180000,1090000,false,,2026-09-28T04:30:00Z,1,2026-09-28T04:00:00Z
