quote_size_quantity_id,quote_id,size_label,quantity
2cbaf8c1-ab00-5749-9ec8-15b96d453c78,3c6b871b-3a4a-58a0-b602-66f57ce5905b,M,10
2eed9aa7-1de8-5cde-a67e-516940235ada,91c5d45c-b7f2-5500-9575-a61d3ec8cfe2,M,10
31d6cae7-788c-513a-b775-b70b2c04373f,972aa73c-0509-5c12-bc84-eab4216762ac,M,10
3c499c75-be93-5402-846e-1c9f19bcf440,72c8742a-c99b-57b3-92fd-a80fbc5c08ee,M,10
452df721-53cd-53d1-8f0d-c9bf8fb437bc,d2af6dc8-83b1-54cf-b1b6-c06cc6024024,M,10
47da2002-0192-5276-bbb5-f12df752e295,39f19a47-1f41-5b4e-881f-7d998497a268,M,10
bed441c5-1f5a-5b2a-ba66-bc2403c016e4,c193e295-3a97-5b6e-94dd-600c5f6a00af,M,10
cc5a9c9b-45a0-51e2-b7c5-78616be0f613,9af4cdaa-da21-54cc-8594-a4f60a8fe2e6,M,10
cd70449a-77fa-5458-97de-9c3837b22cec,418f2b2f-4a27-5649-8587-7b765f8d716c,M,10
dbeb17a1-c30e-57cf-b3da-10fcd9567d60,8eba2cc7-3e80-5ba5-b6ba-2bf0a5e0f3c0,M,10
e6719090-f081-5411-a6d2-bdbc0d5a3053,57a7618c-e870-5951-9445-735228c79ebe,M,10
f571f4c1-08da-543c-b8f3-6de0532c8796,973626d6-d1a3-5c08-b1c4-38e4d7b67275,M,10
