order_quote_cycle_id,order_id,cycle_number,quote_id,design_version_id,customer_approved_at,created_at
0aef4881-a577-5ac6-9562-71f7382b7862,6e3f3ee5-c944-51f3-9988-bdfbb7499672,1,39f19a47-1f41-5b4e-881f-7d998497a268,cfc5b5c5-0ac9-578e-99a3-a72156ea65d8,,2026-09-12T01:00:00Z
1b49c635-00b2-5856-86ee-ef38d3787c21,378f1ba3-c940-5e48-bbb0-71206171bbcc,1,57a7618c-e870-5951-9445-735228c79ebe,dfd2600e-21e1-557c-a8dc-c1ca1b48d5cc,2026-09-02T02:00:00Z,2026-09-02T01:00:00Z
2d733ebf-1d49-54ac-a037-12ab7fb6bec1,424e5bc2-5059-5915-8d4d-fc9370b90cf9,1,3c6b871b-3a4a-58a0-b602-66f57ce5905b,aa86f1c5-21db-56b6-903b-85a00f16e431,,2026-09-01T01:00:00Z
350f2e9a-df3c-5c63-9bd6-436a90f3f9af,b598cd1d-5386-50e7-9371-c627e0bf724e,1,72c8742a-c99b-57b3-92fd-a80fbc5c08ee,f4d634e4-b3da-508a-96fb-48380de3d781,2026-09-06T02:00:00Z,2026-09-06T01:00:00Z
7a64ae53-416a-5eb4-85f4-4193d39ef06d,6b373bb0-3256-5488-b014-77010093d620,1,d2af6dc8-83b1-54cf-b1b6-c06cc6024024,dfd2600e-21e1-557c-a8dc-c1ca1b48d5cc,2026-09-09T02:00:00Z,2026-09-09T01:00:00Z
7f147bb7-3bfc-546b-8610-14862d4130fb,9cae9cc5-406e-53ae-9412-618f0c90f51b,2,973626d6-d1a3-5c08-b1c4-38e4d7b67275,6944c38f-a431-5879-a3ef-60cc5362de90,,2026-09-20T01:00:00Z
7fbad8f1-e3b6-5f60-b301-236f8ee03205,162a8830-08dc-5901-8fe9-af9e5a14f89a,1,9af4cdaa-da21-54cc-8594-a4f60a8fe2e6,de19844a-3ebd-5f96-9ab8-5cb16d8e1301,2026-09-11T02:00:00Z,2026-09-11T01:00:00Z
81b270db-0e62-5bb5-ac00-62ed40dedd9b,9cae9cc5-406e-53ae-9412-618f0c90f51b,1,973626d6-d1a3-5c08-b1c4-38e4d7b67275,de19844a-3ebd-5f96-9ab8-5cb16d8e1301,2026-09-04T02:00:00Z,2026-09-04T01:00:00Z
9700bace-a1b7-5cc6-8f25-1593da797ba2,00e8abe4-d3c6-55b1-a7e3-e55079ff17af,1,972aa73c-0509-5c12-bc84-eab4216762ac,aa86f1c5-21db-56b6-903b-85a00f16e431,2026-09-08T02:00:00Z,2026-09-08T01:00:00Z
a8a961f7-35b2-500c-9117-228eb5ca7938,7ac7ec09-aa06-55a2-9a84-82aaf2ea0aad,1,418f2b2f-4a27-5649-8587-7b765f8d716c,6f032fe3-c433-5c99-a779-acd81fe5597d,2026-09-10T02:00:00Z,2026-09-10T01:00:00Z
ccc01bf3-9c6a-554b-8b49-0cfadcfb4a1e,88e2baff-7a4c-5ec9-9d5c-e53056633c9b,1,91c5d45c-b7f2-5500-9575-a61d3ec8cfe2,9734f656-5624-5528-8945-205bce087516,2026-09-07T02:00:00Z,2026-09-07T01:00:00Z
cd245351-3baf-52af-b6ea-48473bc04682,b7505d2c-f1f8-5a3f-a187-6868cd79386c,1,8eba2cc7-3e80-5ba5-b6ba-2bf0a5e0f3c0,6f032fe3-c433-5c99-a779-acd81fe5597d,2026-09-03T02:00:00Z,2026-09-03T01:00:00Z
f74bcd82-6ad0-5b9c-9341-304ba13fca9a,1e407f7c-8ff0-56cc-a4bd-30af380a010d,1,c193e295-3a97-5b6e-94dd-600c5f6a00af,cfc5b5c5-0ac9-578e-99a3-a72156ea65d8,2026-09-05T02:00:00Z,2026-09-05T01:00:00Z
