order_id,order_number,customer_id,journey_intent_id,buyer_type,buyer_legal_name,buyer_tax_id,billing_address,product_name_snapshot,sku_snapshot,material_snapshot,options_snapshot_json,product_version_id,design_version_id,recipient_name,phone,address_line,ward,province,country,merchandise_subtotal_vnd,merge_discount_vnd,shipping_vnd,tax_vnd,design_fee_vnd,total_vnd,status,current_quote_cycle,approved_sample_id,contract_id,deposit_percent,contract_total_vnd,accepted_deposit_vnd,accepted_order_credit_vnd,balance_due_vnd,balance_due_at,received_at,completed_at,received_by_staff_id,carrier,tracking_number,shipped_at,estimated_delivery_from,estimated_delivery_to,delivery_evidence_asset_id,delivery_evidence_verified_at,manual_refund_required,version,created_at,updated_at
00e8abe4-d3c6-55b1-a7e3-e55079ff17af,SO-2026-0008,7776aa6f-8f8f-58ce-86e6-f117df4e8646,d0de7659-b99e-5def-9953-c13acaa869a9,ResellerShop,Doanh nghiệp mẫu 08,SYNTH-0008,"Địa chỉ thanh toán giả lập 8, TP.HCM",Áo polo doanh nghiệp,DEMO-POLO-002,100% cotton,"[""Front direct print""]",e76dfcaf-a753-5422-85e4-b542208bb11f,aa86f1c5-21db-56b6-903b-85a00f16e431,Trần Gia Bình,0900000008,"Số 8, đường Mẫu",Phường Giả Lập,TP.HCM,VN,1900000,0,30000,0,0,1930000,InProduction,1,47bcaa69-a474-5c71-9e5c-5e55a854ebc8,ed4f1d10-398c-5c70-93e0-65678cb4a6db,50,1930000,965000,0,965000,,,,,,,,,,,,false,2,2026-09-08T01:00:00Z,2026-09-28T06:00:00Z
162a8830-08dc-5901-8fe9-af9e5a14f89a,SO-2026-0011,4e59134b-632b-5144-bfc8-2bf67d1c1bca,6019abf9-b079-54f3-a7a9-73efb14b6f31,BusinessBuyer,Doanh nghiệp mẫu 11,SYNTH-0011,"Địa chỉ thanh toán giả lập 11, TP.HCM",Áo bảo hộ phản quang,DEMO-WORK-005,100% cotton,"[""Front direct print""]",a6112bdf-4736-5cad-b741-0b1d9e731dd4,de19844a-3ebd-5f96-9ab8-5cb16d8e1301,Võ Khánh Giang,0900000011,"Số 11, đường Mẫu",Phường Giả Lập,TP.HCM,VN,2650000,0,30000,0,0,2680000,Completed,1,f453b8f1-33ed-5eb6-960f-0e29ef1c7db9,37313421-0467-5ebc-ab1f-7f8f91414a4f,50,2680000,1340000,0,1340000,2026-10-05T05:00:00Z,2026-09-28T05:00:00Z,2026-09-28T06:00:00Z,,Synthetic Carrier,TRACK-0011,2026-09-25T05:00:00Z,2026-09-27,2026-09-30,0e7b935f-1e73-57e6-9836-7daaf9f8cdb9,2026-09-28T04:30:00Z,false,2,2026-09-11T01:00:00Z,2026-09-28T06:00:00Z
1e407f7c-8ff0-56cc-a4bd-30af380a010d,SO-2026-0005,4e59134b-632b-5144-bfc8-2bf67d1c1bca,8fed3531-d46d-5d21-9cd5-b0e3b6890e4b,BusinessBuyer,Doanh nghiệp mẫu 05,SYNTH-0005,"Địa chỉ thanh toán giả lập 5, TP.HCM",Áo bảo hộ phản quang,DEMO-WORK-005,100% cotton,"[""Front direct print""]",a6112bdf-4736-5cad-b741-0b1d9e731dd4,cfc5b5c5-0ac9-578e-99a3-a72156ea65d8,Hồ Nam Phương,0900000005,"Số 5, đường Mẫu",Phường Giả Lập,TP.HCM,VN,2650000,0,30000,0,0,2680000,PendingContract,1,8db689ea-9a55-54bc-9831-7fb0ca94d4e2,,50,2680000,0,0,1340000,,,,,,,,,,,,false,2,2026-09-05T01:00:00Z,2026-09-28T06:00:00Z
378f1ba3-c940-5e48-bbb0-71206171bbcc,SO-2026-0002,7776aa6f-8f8f-58ce-86e6-f117df4e8646,4bdc3a1e-e1d8-56c2-a09b-524cc9e88bf3,ResellerShop,Doanh nghiệp mẫu 02,SYNTH-0002,"Địa chỉ thanh toán giả lập 2, TP.HCM",Áo polo doanh nghiệp,DEMO-POLO-002,100% cotton,"[""Front direct print""]",e76dfcaf-a753-5422-85e4-b542208bb11f,dfd2600e-21e1-557c-a8dc-c1ca1b48d5cc,Đặng Thu Hà,0900000002,"Số 2, đường Mẫu",Phường Giả Lập,TP.HCM,VN,1900000,0,30000,0,0,1930000,DigitalDesignApproved,1,,,50,1930000,0,0,965000,,,,,,,,,,,,false,2,2026-09-02T01:00:00Z,2026-09-28T06:00:00Z
424e5bc2-5059-5915-8d4d-fc9370b90cf9,SO-2026-0001,c381a9bb-d175-5a06-be64-7d91163c76c8,bc37497b-ea9e-5ea0-b651-af1d142fabdb,BusinessBuyer,Doanh nghiệp mẫu 01,SYNTH-0001,"Địa chỉ thanh toán giả lập 1, TP.HCM",Áo thun cổ tròn,DEMO-TEE-001,100% cotton,"[""Front direct print""]",a5cbec99-25ab-5937-80f0-3046727cd765,aa86f1c5-21db-56b6-903b-85a00f16e431,Võ Khánh Giang,0900000001,"Số 1, đường Mẫu",Phường Giả Lập,TP.HCM,VN,1650000,0,30000,0,0,1680000,AwaitingDigitalApproval,1,,,50,1680000,0,0,840000,,,,,,,,,,,,false,1,2026-09-01T01:00:00Z,2026-09-28T06:00:00Z
6b373bb0-3256-5488-b014-77010093d620,SO-2026-0009,337dcc98-8efc-5de8-bf38-609ae417e2c1,985ef032-6c8f-57d7-abbe-50d29b0281c4,BusinessBuyer,Doanh nghiệp mẫu 09,SYNTH-0009,"Địa chỉ thanh toán giả lập 9, TP.HCM",Sơ mi công sở,DEMO-SHIRT-003,100% cotton,"[""Front direct print""]",43f4d619-a3f7-593c-b4a6-44ab4449e96a,dfd2600e-21e1-557c-a8dc-c1ca1b48d5cc,Lê Hoài Châu,0900000009,"Số 9, đường Mẫu",Phường Giả Lập,TP.HCM,VN,2150000,0,30000,0,0,2180000,Shipped,1,8b72e3d2-c211-5e05-b0dd-079bbf12eaf9,f894660a-05ce-5094-b971-d1dee185dfdf,50,2180000,1090000,0,1090000,,,,,Synthetic Carrier,TRACK-0009,2026-09-25T05:00:00Z,2026-09-27,2026-09-30,,,false,2,2026-09-09T01:00:00Z,2026-09-28T06:00:00Z
6e3f3ee5-c944-51f3-9988-bdfbb7499672,SO-2026-0012,7cfeb498-15ec-584b-b9ce-ec4ca07c5bfa,12a01799-c311-5d7d-bb41-617cdb12916d,ResellerShop,Doanh nghiệp mẫu 12,SYNTH-0012,"Địa chỉ thanh toán giả lập 12, TP.HCM",Quần bảo hộ lao động,DEMO-PANTS-006,100% cotton,"[""Front direct print""]",3f0b17ce-d4a3-5b42-bca3-eb504eaa9457,cfc5b5c5-0ac9-578e-99a3-a72156ea65d8,Đặng Thu Hà,0900000012,"Số 12, đường Mẫu",Phường Giả Lập,TP.HCM,VN,2900000,0,30000,0,0,2930000,Cancelled,1,,,50,2930000,0,0,1465000,,,,,,,,,,,,false,2,2026-09-12T01:00:00Z,2026-09-28T06:00:00Z
7ac7ec09-aa06-55a2-9a84-82aaf2ea0aad,SO-2026-0010,def1b0d5-e1fb-5578-9afd-e5f1df3960fa,550e9efb-d5e1-5349-96c9-72517581d467,ResellerShop,Doanh nghiệp mẫu 10,SYNTH-0010,"Địa chỉ thanh toán giả lập 10, TP.HCM",Áo khoác đồng phục,DEMO-JACKET-004,100% cotton,"[""Front direct print""]",426800db-f7c2-565b-ac46-4e69916cfdea,6f032fe3-c433-5c99-a779-acd81fe5597d,Phạm Đức Duy,0900000010,"Số 10, đường Mẫu",Phường Giả Lập,TP.HCM,VN,2400000,0,30000,0,0,2430000,DeliveredAwaitingBalance,1,82850e67-decb-54d0-9c83-5d167071007a,fe21b890-55fa-5b06-9bc9-d804fa049090,50,2430000,1215000,0,1215000,2026-10-05T05:00:00Z,2026-09-28T05:00:00Z,,99ae419b-75a7-5639-a66e-0219d35bb3e2,Synthetic Carrier,TRACK-0010,2026-09-25T05:00:00Z,2026-09-27,2026-09-30,0e7b935f-1e73-57e6-9836-7daaf9f8cdb9,2026-09-28T04:30:00Z,false,2,2026-09-10T01:00:00Z,2026-09-28T06:00:00Z
88e2baff-7a4c-5ec9-9d5c-e53056633c9b,SO-2026-0007,c381a9bb-d175-5a06-be64-7d91163c76c8,c6ea4bc9-3176-5623-af0b-925abd6b804d,BusinessBuyer,Doanh nghiệp mẫu 07,SYNTH-0007,"Địa chỉ thanh toán giả lập 7, TP.HCM",Áo thun cổ tròn,DEMO-TEE-001,100% cotton,"[""Front direct print""]",a5cbec99-25ab-5937-80f0-3046727cd765,9734f656-5624-5528-8945-205bce087516,Nguyễn Minh An,0900000007,"Số 7, đường Mẫu",Phường Giả Lập,TP.HCM,VN,1650000,0,30000,0,0,1680000,Confirmed,1,55060991-3274-55ce-a2cf-466beaa6b027,777ac7b0-8c8a-5b39-831f-9e7aacbb95d7,50,1680000,840000,0,840000,,,,,,,,,,,,false,2,2026-09-07T01:00:00Z,2026-09-28T06:00:00Z
9cae9cc5-406e-53ae-9412-618f0c90f51b,SO-2026-0004,def1b0d5-e1fb-5578-9afd-e5f1df3960fa,cc61543c-70b9-5ce4-9010-7f0f1b331e9d,ResellerShop,Doanh nghiệp mẫu 04,SYNTH-0004,"Địa chỉ thanh toán giả lập 4, TP.HCM",Áo khoác đồng phục,DEMO-JACKET-004,100% cotton,"[""Front direct print""]",426800db-f7c2-565b-ac46-4e69916cfdea,de19844a-3ebd-5f96-9ab8-5cb16d8e1301,Đỗ Mai Lan,0900000004,"Số 4, đường Mẫu",Phường Giả Lập,TP.HCM,VN,2400000,0,30000,0,0,2430000,SampleShipped,1,,,50,2430000,0,0,1215000,,,,,,,,,,,,false,2,2026-09-04T01:00:00Z,2026-09-28T06:00:00Z
b598cd1d-5386-50e7-9371-c627e0bf724e,SO-2026-0006,7cfeb498-15ec-584b-b9ce-ec4ca07c5bfa,e159bb84-64b1-5333-b278-c93d39a3b095,ResellerShop,Doanh nghiệp mẫu 06,SYNTH-0006,"Địa chỉ thanh toán giả lập 6, TP.HCM",Quần bảo hộ lao động,DEMO-PANTS-006,100% cotton,"[""Front direct print""]",3f0b17ce-d4a3-5b42-bca3-eb504eaa9457,f4d634e4-b3da-508a-96fb-48380de3d781,Tạ Quang Sơn,0900000006,"Số 6, đường Mẫu",Phường Giả Lập,TP.HCM,VN,2900000,0,30000,0,0,2930000,AwaitingDeposit,1,6824edb8-d5f4-594f-b369-77d74b47873b,40a56b35-145c-52be-9ba8-bbeb6952e8f4,50,2930000,0,0,1465000,,,,,,,,,,,,false,2,2026-09-06T01:00:00Z,2026-09-28T06:00:00Z
b7505d2c-f1f8-5a3f-a187-6868cd79386c,SO-2026-0003,337dcc98-8efc-5de8-bf38-609ae417e2c1,c0115d75-585a-5cdb-b06e-a1f76825b6df,BusinessBuyer,Doanh nghiệp mẫu 03,SYNTH-0003,"Địa chỉ thanh toán giả lập 3, TP.HCM",Sơ mi công sở,DEMO-SHIRT-003,100% cotton,"[""Front direct print""]",43f4d619-a3f7-593c-b4a6-44ab4449e96a,6f032fe3-c433-5c99-a779-acd81fe5597d,Bùi Nhật Khang,0900000003,"Số 3, đường Mẫu",Phường Giả Lập,TP.HCM,VN,2150000,0,30000,0,200000,2380000,SampleInPreparation,1,,,50,2380000,0,0,1190000,,,,,,,,,,,,false,2,2026-09-03T01:00:00Z,2026-09-28T06:00:00Z
