order_size_quantity_id,order_id,size_label,quantity
2c06a2ed-3cfa-5740-a62d-04ee68e0cf14,88e2baff-7a4c-5ec9-9d5c-e53056633c9b,M,10
51b8cdf5-6ea7-5758-b7a8-d23613258d8c,b598cd1d-5386-50e7-9371-c627e0bf724e,M,10
56700ecf-1c68-5e0e-aa9c-416416ac5fce,424e5bc2-5059-5915-8d4d-fc9370b90cf9,M,10
57c680f9-c4ff-540a-b136-c7caef9bd9d0,6e3f3ee5-c944-51f3-9988-bdfbb7499672,M,10
882c8406-8a77-5da2-98be-b855a153b201,6b373bb0-3256-5488-b014-77010093d620,M,10
8ed23812-66ee-5dff-b9b2-635b2447db3c,9cae9cc5-406e-53ae-9412-618f0c90f51b,M,10
95916666-1abb-5ea2-9390-3cda5524ff8b,b7505d2c-f1f8-5a3f-a187-6868cd79386c,M,10
a6bad699-4253-5e4b-89b3-eb054a5158a5,7ac7ec09-aa06-55a2-9a84-82aaf2ea0aad,M,10
ad96e803-00eb-58d2-8a6b-492292f11403,1e407f7c-8ff0-56cc-a4bd-30af380a010d,M,10
b5c713d5-4a97-5e76-9bea-09952c18b95d,00e8abe4-d3c6-55b1-a7e3-e55079ff17af,M,10
d09167fd-35f9-58ef-87bb-a4ec0650ceee,378f1ba3-c940-5e48-bbb0-71206171bbcc,M,10
e2768d43-7432-5dd6-8400-a43d0d6dc4b6,162a8830-08dc-5901-8fe9-af9e5a14f89a,M,10
