payment_transaction_id,order_id,customer_id,purpose,amount_vnd,currency,status,provider_reference,provider_event_id,paid_at,refund_status,expires_at,version,idempotency_key,created_at
12b32ad6-cac8-523f-a0a8-b3bccd8797f3,7ac7ec09-aa06-55a2-9a84-82aaf2ea0aad,def1b0d5-e1fb-5578-9afd-e5f1df3960fa,DEPOSIT,1215000,VND,Succeeded,VNPAY-SYNTH-0005,EVENT-0005,2026-09-28T05:00:00Z,,2026-09-28T05:15:00Z,1,8b7ca213-2dde-527e-9d11-b9ac23c0b802,2026-09-28T04:45:00Z
1b14f6c9-469f-5362-8553-bd136d74462f,1e407f7c-8ff0-56cc-a4bd-30af380a010d,4e59134b-632b-5144-bfc8-2bf67d1c1bca,DEPOSIT,1340000,VND,Failed,,,,,2026-09-28T05:15:00Z,1,f50a1118-992c-591f-aef2-d81705d5cb1b,2026-09-28T04:45:00Z
1bd422b9-d07e-5a5b-9fd8-e727e0903937,6e3f3ee5-c944-51f3-9988-bdfbb7499672,7cfeb498-15ec-584b-b9ce-ec4ca07c5bfa,DEPOSIT,1465000,VND,Expired,,,,,2026-09-28T05:15:00Z,1,27cb6378-b08f-52cb-916e-2e68a8b2c3af,2026-09-28T04:45:00Z
346ca2af-28a0-5c3f-be04-22881b7cce04,162a8830-08dc-5901-8fe9-af9e5a14f89a,4e59134b-632b-5144-bfc8-2bf67d1c1bca,BALANCE,1340000,VND,Succeeded,VNPAY-SYNTH-0007,EVENT-0007,2026-09-28T05:00:00Z,,2026-09-28T05:15:00Z,1,b7299196-38be-5054-a25e-4f7c2cac9eea,2026-09-28T04:45:00Z
48696671-6cf0-5a97-acdc-94a295e74010,b598cd1d-5386-50e7-9371-c627e0bf724e,7cfeb498-15ec-584b-b9ce-ec4ca07c5bfa,DEPOSIT,1465000,VND,Pending,,,,,2026-09-28T05:15:00Z,1,2638dc1c-679b-52ca-a755-050cc27ea081,2026-09-28T04:45:00Z
5236cf71-c6bf-5bbb-aa40-ec019f53b206,88e2baff-7a4c-5ec9-9d5c-e53056633c9b,c381a9bb-d175-5a06-be64-7d91163c76c8,DEPOSIT,840000,VND,Succeeded,VNPAY-SYNTH-0002,EVENT-0002,2026-09-28T05:00:00Z,,2026-09-28T05:15:00Z,1,c9fe25f4-7c51-525c-ad09-36d439191c23,2026-09-28T04:45:00Z
6f5105be-bafa-5a88-b75a-933a8c53d719,00e8abe4-d3c6-55b1-a7e3-e55079ff17af,7776aa6f-8f8f-58ce-86e6-f117df4e8646,DEPOSIT,965000,VND,Succeeded,VNPAY-SYNTH-0003,EVENT-0003,2026-09-28T05:00:00Z,,2026-09-28T05:15:00Z,1,f75afd07-d649-5df2-a1a5-4e8abd35859d,2026-09-28T04:45:00Z
d47971e1-ba8f-5c93-ac79-eeb05f12ef35,162a8830-08dc-5901-8fe9-af9e5a14f89a,4e59134b-632b-5144-bfc8-2bf67d1c1bca,DEPOSIT,1340000,VND,Succeeded,VNPAY-SYNTH-0006,EVENT-0006,2026-09-28T05:00:00Z,,2026-09-28T05:15:00Z,1,e4ff5e7c-11ab-5a27-ae6f-f14c8b4c56b8,2026-09-28T04:45:00Z
f9ddb56f-acc4-5991-9fdd-7737424ab20b,6b373bb0-3256-5488-b014-77010093d620,337dcc98-8efc-5de8-bf38-609ae417e2c1,DEPOSIT,1090000,VND,Succeeded,VNPAY-SYNTH-0004,EVENT-0004,2026-09-28T05:00:00Z,,2026-09-28T05:15:00Z,1,af4c9ca9-013b-5911-803c-75f66bf0a475,2026-09-28T04:45:00Z
