analytics_event_id,schema_version,event_name,source_kind,entity_type,entity_id,occurred_at,received_at,actor_kind,customer_id,product_entry_id,journey_intent_id,product_id,design_id,quote_id,order_id,request_id,contract_id,bound_versions_json,sample_cycle,reason_code,source_event_id,dataset_flags_json
04cfcafc-1767-50c4-a6bf-a79d6c3b21d9,1,receipt_confirmed,CommittedBusinessEvent,Order,162a8830-08dc-5901-8fe9-af9e5a14f89a,2026-09-21T02:00:00Z,2026-09-21T02:00:01Z,Customer,4e59134b-632b-5144-bfc8-2bf67d1c1bca,d5b31f57-1933-5556-a8ee-53aafdf0e92c,6019abf9-b079-54f3-a7a9-73efb14b6f31,21124a4c-1e1c-5a53-80f4-33ce5433da2b,ef0cdf95-6186-5276-82e2-844ed2f7ef15,9af4cdaa-da21-54cc-8594-a4f60a8fe2e6,162a8830-08dc-5901-8fe9-af9e5a14f89a,,,"{""version"":1}",,,1ce82144-c51d-524f-bfb1-338ac576bd9b,"{""synthetic"":true}"
06f588a7-a0ad-5685-9acd-f6ef5bf92c52,1,contract_ready,CommittedBusinessEvent,Order,b598cd1d-5386-50e7-9371-c627e0bf724e,2026-09-16T02:00:00Z,2026-09-16T02:00:01Z,Customer,7cfeb498-15ec-584b-b9ce-ec4ca07c5bfa,610ffc46-5515-5307-885b-49134e516381,e159bb84-64b1-5333-b278-c93d39a3b095,9e12d36c-6b54-50ce-8027-da4c3687353c,f5337100-36d6-55fd-9401-a458975e1b74,72c8742a-c99b-57b3-92fd-a80fbc5c08ee,b598cd1d-5386-50e7-9371-c627e0bf724e,,40a56b35-145c-52be-9ba8-bbeb6952e8f4,"{""version"":1}",,,558f25ea-4273-5d25-afbd-f1764588797e,"{""synthetic"":true}"
100bf880-2e0b-5f7d-a447-b011802cfb37,1,order_created,CommittedBusinessEvent,Order,1e407f7c-8ff0-56cc-a4bd-30af380a010d,2026-09-15T02:00:00Z,2026-09-15T02:00:01Z,Customer,4e59134b-632b-5144-bfc8-2bf67d1c1bca,03154155-bc9f-5ee9-ba17-0b38b4066cab,8fed3531-d46d-5d21-9cd5-b0e3b6890e4b,21124a4c-1e1c-5a53-80f4-33ce5433da2b,1a97f143-1e60-5642-8e8f-258bb047c08a,c193e295-3a97-5b6e-94dd-600c5f6a00af,1e407f7c-8ff0-56cc-a4bd-30af380a010d,,,"{""version"":1}",,,735d900f-af26-584f-87ed-bc08618e1229,"{""synthetic"":true}"
18c7f160-eac4-5966-a154-170d6e24d7e6,1,deposit_succeeded,CommittedBusinessEvent,Order,00e8abe4-d3c6-55b1-a7e3-e55079ff17af,2026-09-18T02:00:00Z,2026-09-18T02:00:01Z,Customer,7776aa6f-8f8f-58ce-86e6-f117df4e8646,55508bd0-b6d8-5948-b35c-cad0b8073a15,d0de7659-b99e-5def-9953-c13acaa869a9,35f37346-e794-57d5-b077-84d35fa8d11f,ee2bbde7-77d0-5c53-b00d-15e242ed1a24,972aa73c-0509-5c12-bc84-eab4216762ac,00e8abe4-d3c6-55b1-a7e3-e55079ff17af,,,"{""version"":1}",,,64054d03-d85a-5ae9-aaea-98c6270e2e27,"{""synthetic"":true}"
19527cb2-4a4d-5bcd-a94e-e736bfe78cae,1,design_saved,ValidatedInteraction,JourneyIntent,c0115d75-585a-5cdb-b06e-a1f76825b6df,2026-09-13T02:00:00Z,2026-09-13T02:00:01Z,Customer,337dcc98-8efc-5de8-bf38-609ae417e2c1,278e4f16-43f2-50be-97b0-202b3a1e3e6c,c0115d75-585a-5cdb-b06e-a1f76825b6df,3236c429-4b10-5647-8a55-fe5e58b006db,cbb6470a-8b45-59ac-85d6-2c6d16a9ca45,,,,,"{""version"":1}",,,98dab091-73b4-53c9-b092-13aad922a390,"{""synthetic"":true}"
47466499-b743-5f9e-85bf-c6a822c80b6d,1,sample_approved,CommittedBusinessEvent,Order,6b373bb0-3256-5488-b014-77010093d620,2026-09-19T02:00:00Z,2026-09-19T02:00:01Z,Customer,337dcc98-8efc-5de8-bf38-609ae417e2c1,4bbc4406-daac-5b59-a2cd-2298cc5dbb65,985ef032-6c8f-57d7-abbe-50d29b0281c4,3236c429-4b10-5647-8a55-fe5e58b006db,2e3a1a37-7b05-5d52-b6fa-91a98f207f83,d2af6dc8-83b1-54cf-b1b6-c06cc6024024,6b373bb0-3256-5488-b014-77010093d620,,,"{""version"":1}",1,,f579ca20-4912-5320-b087-06a19bc27e05,"{""synthetic"":true}"
759ce984-8af7-5ffe-bc03-dfd67cc2e7e7,1,balance_succeeded,CommittedBusinessEvent,Order,6e3f3ee5-c944-51f3-9988-bdfbb7499672,2026-09-22T02:00:00Z,2026-09-22T02:00:01Z,Customer,7cfeb498-15ec-584b-b9ce-ec4ca07c5bfa,03154155-bc9f-5ee9-ba17-0b38b4066cab,12a01799-c311-5d7d-bb41-617cdb12916d,9e12d36c-6b54-50ce-8027-da4c3687353c,1a97f143-1e60-5642-8e8f-258bb047c08a,39f19a47-1f41-5b4e-881f-7d998497a268,6e3f3ee5-c944-51f3-9988-bdfbb7499672,,,"{""version"":1}",,,60dec21d-bb75-5949-8bee-a36116e17364,"{""synthetic"":true}"
78c68842-3338-5e88-9103-add3904ebca8,1,checkout_started,ValidatedInteraction,JourneyIntent,cc61543c-70b9-5ce4-9010-7f0f1b331e9d,2026-09-14T02:00:00Z,2026-09-14T02:00:01Z,Customer,def1b0d5-e1fb-5578-9afd-e5f1df3960fa,d5b31f57-1933-5556-a8ee-53aafdf0e92c,cc61543c-70b9-5ce4-9010-7f0f1b331e9d,afb1181f-8897-577d-8367-b38fec1ecf5f,ef0cdf95-6186-5276-82e2-844ed2f7ef15,973626d6-d1a3-5c08-b1c4-38e4d7b67275,,,,"{""version"":1}",,,03ec87ac-427c-5a46-aaf5-47431bf23fd6,"{""synthetic"":true}"
88bdd9ef-f51d-5c4c-ba21-0f658fa870f0,1,contract_signed,CommittedBusinessEvent,Order,88e2baff-7a4c-5ec9-9d5c-e53056633c9b,2026-09-17T02:00:00Z,2026-09-17T02:00:01Z,Customer,c381a9bb-d175-5a06-be64-7d91163c76c8,80cffb51-9a55-5647-83d9-140a5e3e3419,c6ea4bc9-3176-5623-af0b-925abd6b804d,5c164018-f3c8-5a17-a8ac-71770c0d0e75,539360bb-9719-5a3d-85ba-26c7abee6f7c,91c5d45c-b7f2-5500-9575-a61d3ec8cfe2,88e2baff-7a4c-5ec9-9d5c-e53056633c9b,,777ac7b0-8c8a-5b39-831f-9e7aacbb95d7,"{""version"":1}",,,c8fcf164-05f9-5529-811d-ed8cb59df34b,"{""synthetic"":true}"
b8fe9eca-e4f0-58fa-9b18-94770dee3a1c,1,product_viewed,ValidatedInteraction,JourneyIntent,bc37497b-ea9e-5ea0-b651-af1d142fabdb,2026-09-11T02:00:00Z,2026-09-11T02:00:01Z,Customer,c381a9bb-d175-5a06-be64-7d91163c76c8,55508bd0-b6d8-5948-b35c-cad0b8073a15,bc37497b-ea9e-5ea0-b651-af1d142fabdb,5c164018-f3c8-5a17-a8ac-71770c0d0e75,,,,,,"{""version"":1}",,,33437e09-861d-5748-bb61-4c9265c9b680,"{""synthetic"":true}"
be5f8183-7d73-51eb-bbda-3f454d424c8a,1,design_started,ValidatedInteraction,JourneyIntent,4bdc3a1e-e1d8-56c2-a09b-524cc9e88bf3,2026-09-12T02:00:00Z,2026-09-12T02:00:01Z,Customer,7776aa6f-8f8f-58ce-86e6-f117df4e8646,4bbc4406-daac-5b59-a2cd-2298cc5dbb65,4bdc3a1e-e1d8-56c2-a09b-524cc9e88bf3,35f37346-e794-57d5-b077-84d35fa8d11f,2e3a1a37-7b05-5d52-b6fa-91a98f207f83,,,,,"{""version"":1}",,,6dfbc90d-9669-512c-9e46-95dc612ed1b7,"{""synthetic"":true}"
ffd73f65-4a2e-5e84-ad2d-3bd0abe056be,1,shipped,CommittedBusinessEvent,Order,7ac7ec09-aa06-55a2-9a84-82aaf2ea0aad,2026-09-20T02:00:00Z,2026-09-20T02:00:01Z,Customer,def1b0d5-e1fb-5578-9afd-e5f1df3960fa,278e4f16-43f2-50be-97b0-202b3a1e3e6c,550e9efb-d5e1-5349-96c9-72517581d467,afb1181f-8897-577d-8367-b38fec1ecf5f,cbb6470a-8b45-59ac-85d6-2c6d16a9ca45,418f2b2f-4a27-5649-8587-7b765f8d716c,7ac7ec09-aa06-55a2-9a84-82aaf2ea0aad,,,"{""version"":1}",,,9bc05faf-d3a4-5b14-adbc-a81a4765b8ea,"{""synthetic"":true}"
