event_id,order_id,prior_status,target_status,actor_kind,actor_user_id,event_source,bound_entity_type,bound_entity_id,bound_entity_version,sample_cycle,evidence_asset_id,idempotency_reference,occurred_at
0c35d17e-b110-550b-a663-8bbd7cf9952c,424e5bc2-5059-5915-8d4d-fc9370b90cf9,,AwaitingDigitalApproval,Customer,c381a9bb-d175-5a06-be64-7d91163c76c8,MVPWorkflow,Order,424e5bc2-5059-5915-8d4d-fc9370b90cf9,2,,,38d5627a-88ad-50d5-88c6-e5480d9f1522,2026-09-11T06:00:00Z
1ce82144-c51d-524f-bfb1-338ac576bd9b,162a8830-08dc-5901-8fe9-af9e5a14f89a,DeliveredAwaitingBalance,Completed,Staff,a665a2e5-2dbb-56ec-8336-85275742d2d3,MVPWorkflow,Order,162a8830-08dc-5901-8fe9-af9e5a14f89a,2,,0e7b935f-1e73-57e6-9836-7daaf9f8cdb9,839faeff-28e0-56bd-8263-4bddd321e05e,2026-09-21T06:00:00Z
3b9c3596-4006-5971-bb31-dafd4b024645,9cae9cc5-406e-53ae-9412-618f0c90f51b,SampleInPreparation,SampleShipped,Staff,a665a2e5-2dbb-56ec-8336-85275742d2d3,MVPWorkflow,Order,9cae9cc5-406e-53ae-9412-618f0c90f51b,2,1,,70b634b3-6843-5723-8b45-df7f1dae8161,2026-09-14T06:00:00Z
558f25ea-4273-5d25-afbd-f1764588797e,b598cd1d-5386-50e7-9371-c627e0bf724e,PendingContract,AwaitingDeposit,Customer,7cfeb498-15ec-584b-b9ce-ec4ca07c5bfa,MVPWorkflow,Order,b598cd1d-5386-50e7-9371-c627e0bf724e,2,,,57f67656-fed6-5f71-b707-8c88e6cf67d2,2026-09-16T06:00:00Z
60dec21d-bb75-5949-8bee-a36116e17364,6e3f3ee5-c944-51f3-9988-bdfbb7499672,Completed,Cancelled,Customer,7cfeb498-15ec-584b-b9ce-ec4ca07c5bfa,MVPWorkflow,Order,6e3f3ee5-c944-51f3-9988-bdfbb7499672,2,,,a30c5ef4-2cda-5617-a080-a42dfbbc534e,2026-09-22T06:00:00Z
64054d03-d85a-5ae9-aaea-98c6270e2e27,00e8abe4-d3c6-55b1-a7e3-e55079ff17af,Confirmed,InProduction,Staff,a665a2e5-2dbb-56ec-8336-85275742d2d3,MVPWorkflow,Order,00e8abe4-d3c6-55b1-a7e3-e55079ff17af,2,,,6e1cf93c-171c-52d4-a5dd-4bc3eb3f022e,2026-09-18T06:00:00Z
735d900f-af26-584f-87ed-bc08618e1229,1e407f7c-8ff0-56cc-a4bd-30af380a010d,SampleShipped,PendingContract,Customer,4e59134b-632b-5144-bfc8-2bf67d1c1bca,MVPWorkflow,Order,1e407f7c-8ff0-56cc-a4bd-30af380a010d,2,1,,fda96ee5-c7b0-5271-a737-71cde0cae092,2026-09-15T06:00:00Z
87fbb8d8-1487-56c4-9aed-52eea35e02d0,378f1ba3-c940-5e48-bbb0-71206171bbcc,AwaitingDigitalApproval,DigitalDesignApproved,Customer,7776aa6f-8f8f-58ce-86e6-f117df4e8646,MVPWorkflow,Order,378f1ba3-c940-5e48-bbb0-71206171bbcc,2,,,754e97a2-21df-50e4-8e2d-b46903a9838e,2026-09-12T06:00:00Z
9052eb39-da9a-543e-99cf-431a6a7610de,b7505d2c-f1f8-5a3f-a187-6868cd79386c,DigitalDesignApproved,SampleInPreparation,Staff,a665a2e5-2dbb-56ec-8336-85275742d2d3,MVPWorkflow,Order,b7505d2c-f1f8-5a3f-a187-6868cd79386c,2,1,,ad06f880-e056-5283-a43b-3daf032976fb,2026-09-13T06:00:00Z
9bc05faf-d3a4-5b14-adbc-a81a4765b8ea,7ac7ec09-aa06-55a2-9a84-82aaf2ea0aad,Shipped,DeliveredAwaitingBalance,Customer,def1b0d5-e1fb-5578-9afd-e5f1df3960fa,MVPWorkflow,Order,7ac7ec09-aa06-55a2-9a84-82aaf2ea0aad,2,,0e7b935f-1e73-57e6-9836-7daaf9f8cdb9,34cfc242-357a-55bc-a554-9c448fd99a8f,2026-09-20T06:00:00Z
c8fcf164-05f9-5529-811d-ed8cb59df34b,88e2baff-7a4c-5ec9-9d5c-e53056633c9b,AwaitingDeposit,Confirmed,Staff,a665a2e5-2dbb-56ec-8336-85275742d2d3,MVPWorkflow,Order,88e2baff-7a4c-5ec9-9d5c-e53056633c9b,2,,,c51c391f-0f11-549a-90d6-d4662050da7d,2026-09-17T06:00:00Z
f579ca20-4912-5320-b087-06a19bc27e05,6b373bb0-3256-5488-b014-77010093d620,InProduction,Shipped,Staff,a665a2e5-2dbb-56ec-8336-85275742d2d3,MVPWorkflow,Order,6b373bb0-3256-5488-b014-77010093d620,2,,,ef25a4e0-a201-51f7-9f04-8f18bc8e61ba,2026-09-19T06:00:00Z
