product_size_id,product_version_id,size_label,display_order
0b5f998b-3196-52d5-83db-24195b6d3e5b,3f0b17ce-d4a3-5b42-bca3-eb504eaa9457,L,3
0c2a8300-bdd1-5cef-91f9-4c5a34438b28,3f0b17ce-d4a3-5b42-bca3-eb504eaa9457,M,2
0c3df030-2202-5ae5-91b5-bf3b97984b66,a5cbec99-25ab-5937-80f0-3046727cd765,XL,4
316ee910-407a-5086-b498-7b80d1353172,a5cbec99-25ab-5937-80f0-3046727cd765,S,1
383976c0-bd92-5cfd-adbd-851b35f42b90,43f4d619-a3f7-593c-b4a6-44ab4449e96a,M,2
389d074c-a0bd-5313-bac5-c5fab710273e,a5cbec99-25ab-5937-80f0-3046727cd765,M,2
3df3d19d-8c6f-5622-8f8d-69d39e13ce86,426800db-f7c2-565b-ac46-4e69916cfdea,L,3
680217f5-dff3-5841-9443-24755564be42,e76dfcaf-a753-5422-85e4-b542208bb11f,L,3
69af10aa-cc27-5275-be62-b949141e0ae6,e76dfcaf-a753-5422-85e4-b542208bb11f,M,2
6f19352d-5c47-5305-acfd-0f5c18d078aa,a6112bdf-4736-5cad-b741-0b1d9e731dd4,L,3
7c079b81-3764-54c2-9e56-66bbba84b206,a6112bdf-4736-5cad-b741-0b1d9e731dd4,M,2
7dddf548-7d5f-5270-b4d6-3a963eb5fa19,a6112bdf-4736-5cad-b741-0b1d9e731dd4,S,1
83619c3f-30ee-5311-ace0-0442aa60ceee,3f0b17ce-d4a3-5b42-bca3-eb504eaa9457,S,1
8bf2c25b-c13b-57d0-8257-ca7db7ade9d3,a5cbec99-25ab-5937-80f0-3046727cd765,L,3
9ce4efad-8318-5479-95be-00e5786fedc9,426800db-f7c2-565b-ac46-4e69916cfdea,S,1
a3cd9cc1-3859-5b03-a215-48d8312a9a90,43f4d619-a3f7-593c-b4a6-44ab4449e96a,S,1
afbd6997-dc0c-5c41-82fd-cfc6f04e0842,e76dfcaf-a753-5422-85e4-b542208bb11f,XL,4
b49926d7-8ae2-5290-85c2-7b3bcc9a92dc,426800db-f7c2-565b-ac46-4e69916cfdea,M,2
b7fe4294-7c7f-50de-9a2c-f7eb18f81642,43f4d619-a3f7-593c-b4a6-44ab4449e96a,L,3
bcbe7746-9252-5e07-8689-b0de5de4c893,426800db-f7c2-565b-ac46-4e69916cfdea,XL,4
be4a0fb6-bb25-5314-a544-975a9f85d206,e76dfcaf-a753-5422-85e4-b542208bb11f,S,1
d14e5151-a14e-5eef-b11c-20a4da0e343b,43f4d619-a3f7-593c-b4a6-44ab4449e96a,XL,4
e1c403e6-e929-5d4d-9575-5e043fc5ec80,a6112bdf-4736-5cad-b741-0b1d9e731dd4,XL,4
f514e0a4-2959-5539-a9a3-463c7fd9bb92,3f0b17ce-d4a3-5b42-bca3-eb504eaa9457,XL,4
