mockup_template_id,product_version_id,view_id,base_asset_id,surface_grid_json,masks_json,material_color_support_json
2c5e5de0-52b3-5c14-bf6c-2471f833eb47,a6112bdf-4736-5cad-b741-0b1d9e731dd4,Front,0541bf62-6d82-5a44-afa7-b5a30b241285,"{""height_mm"":400,""width_mm"":300}",[],"{""colors"":""product-scoped"",""materials"":""product-scoped""}"
2f4bdb24-5904-5069-9eec-1022528243b1,a5cbec99-25ab-5937-80f0-3046727cd765,Back,4174b6be-7a59-550d-a0fe-98da7513266e,"{""height_mm"":400,""width_mm"":300}",[],"{""colors"":""product-scoped"",""materials"":""product-scoped""}"
312fe201-fa3a-53a3-bb8e-9f993bed17d8,e76dfcaf-a753-5422-85e4-b542208bb11f,Front,ca22b1f9-ae04-5c04-93a9-ebdf8093e4f1,"{""height_mm"":400,""width_mm"":300}",[],"{""colors"":""product-scoped"",""materials"":""product-scoped""}"
525dc6ad-2f5e-5d54-958e-ad212b0437b5,426800db-f7c2-565b-ac46-4e69916cfdea,Back,8d30c123-a80f-5fc7-a0cd-2f56a71e4643,"{""height_mm"":400,""width_mm"":300}",[],"{""colors"":""product-scoped"",""materials"":""product-scoped""}"
894a692e-ed96-5885-94ee-a5fcc110f3db,43f4d619-a3f7-593c-b4a6-44ab4449e96a,Back,8f3f52b4-2b7d-58d5-971d-254bea638c92,"{""height_mm"":400,""width_mm"":300}",[],"{""colors"":""product-scoped"",""materials"":""product-scoped""}"
8a84dc48-4c99-52e8-93e2-70bef57fd104,426800db-f7c2-565b-ac46-4e69916cfdea,Front,307df0ae-538f-5d43-96c7-d0df3cb26c9c,"{""height_mm"":400,""width_mm"":300}",[],"{""colors"":""product-scoped"",""materials"":""product-scoped""}"
d7ac785f-2886-5aba-a154-ae7128d345d4,43f4d619-a3f7-593c-b4a6-44ab4449e96a,Front,94a78599-b772-5b16-93d1-f53de2c75f7c,"{""height_mm"":400,""width_mm"":300}",[],"{""colors"":""product-scoped"",""materials"":""product-scoped""}"
dc122b58-4408-5c39-aa95-ce1d06724ef0,e76dfcaf-a753-5422-85e4-b542208bb11f,Back,b58b311c-c886-5086-b5da-ba2083b8151a,"{""height_mm"":400,""width_mm"":300}",[],"{""colors"":""product-scoped"",""materials"":""product-scoped""}"
e17b0d77-9e22-59a5-a44c-a568dd625295,a5cbec99-25ab-5937-80f0-3046727cd765,Front,207d3905-0176-52c3-b495-711ee59ad1b2,"{""height_mm"":400,""width_mm"":300}",[],"{""colors"":""product-scoped"",""materials"":""product-scoped""}"
e89e7ee7-d3d6-5c0c-a9aa-5a9dfd53485f,a6112bdf-4736-5cad-b741-0b1d9e731dd4,Back,94314e2e-1710-5d0b-ad26-61f0ac7edfee,"{""height_mm"":400,""width_mm"":300}",[],"{""colors"":""product-scoped"",""materials"":""product-scoped""}"
eec31bde-4e3b-5812-9c23-70c98d72429f,3f0b17ce-d4a3-5b42-bca3-eb504eaa9457,Front,e778c631-5dc0-53b8-ba9e-624eaceae2a6,"{""height_mm"":400,""width_mm"":300}",[],"{""colors"":""product-scoped"",""materials"":""product-scoped""}"
f63690f2-72a6-5398-a85c-6fa25a6d3c53,3f0b17ce-d4a3-5b42-bca3-eb504eaa9457,Back,51fd7abe-ca31-5e67-b254-baf422352123,"{""height_mm"":400,""width_mm"":300}",[],"{""colors"":""product-scoped"",""materials"":""product-scoped""}"
