tier_id,product_version_id,quantity_from,quantity_to,unit_price_vnd
0f5425d4-0967-5a5a-83f0-9bf8731a174d,e76dfcaf-a753-5422-85e4-b542208bb11f,200,10000,135000
2c7413d2-34d2-5076-bd9a-d21f9fe058d6,e76dfcaf-a753-5422-85e4-b542208bb11f,1,49,175000
4432a033-44c5-588e-b65f-5021a301676c,43f4d619-a3f7-593c-b4a6-44ab4449e96a,50,199,180000
5d0faada-9952-5ef6-b5e0-cfefefae2192,3f0b17ce-d4a3-5b42-bca3-eb504eaa9457,200,10000,235000
614208ea-55e5-5da1-a671-7da29785d090,a5cbec99-25ab-5937-80f0-3046727cd765,200,10000,110000
62435377-9595-526a-89ff-ae0f30d44e8b,a5cbec99-25ab-5937-80f0-3046727cd765,50,199,130000
6bc78bb4-2804-57bb-a519-ec5c3a8d7ddf,426800db-f7c2-565b-ac46-4e69916cfdea,1,49,225000
94834266-0f24-5f7a-9d5a-f9b6ee9b20b4,43f4d619-a3f7-593c-b4a6-44ab4449e96a,200,10000,160000
9683ce82-1293-5bbf-be7d-4af95e52234a,426800db-f7c2-565b-ac46-4e69916cfdea,50,199,205000
a047cb96-af65-5858-b3f6-59f7eab457c5,a6112bdf-4736-5cad-b741-0b1d9e731dd4,1,49,250000
a8906acb-aaf2-5022-9ff5-0572370b1002,a6112bdf-4736-5cad-b741-0b1d9e731dd4,200,10000,210000
ac864f41-ac14-5893-a81b-c1eb015e1c7a,e76dfcaf-a753-5422-85e4-b542208bb11f,50,199,155000
b1820de3-90ec-5a0d-b7e0-c302869d5e4c,43f4d619-a3f7-593c-b4a6-44ab4449e96a,1,49,200000
b64b59ec-d746-5759-a1ca-362854946e5b,a5cbec99-25ab-5937-80f0-3046727cd765,1,49,150000
cd88f181-9ad9-5212-8175-69326dd002b5,3f0b17ce-d4a3-5b42-bca3-eb504eaa9457,50,199,255000
d0df6897-4956-5064-8caf-d9d529636025,3f0b17ce-d4a3-5b42-bca3-eb504eaa9457,1,49,275000
eb691931-6f0e-5f10-b653-8e95747a2eff,a6112bdf-4736-5cad-b741-0b1d9e731dd4,50,199,230000
ed0d9eed-5b21-5be8-b8a6-a280aeb5d4a3,426800db-f7c2-565b-ac46-4e69916cfdea,200,10000,185000
